﻿Index,scene_encode,scene_size,object_encode,object_size,target_pos,condition_encode,lure,lure_size,lure_pos,ex_new,new_scene_size,thisN,thisTrialN,thisRepN,slider_example.response,slider_example.rt,order_pairs,slider_cong.response,slider_cong.rt,trial_type,signal_image,feedback_image,example.thisRepN,example.thisTrialN,example.thisN,example.thisIndex,trial_encode.thisRepN,trial_encode.thisTrialN,trial_encode.thisN,trial_encode.thisIndex,gonogo_handler.thisRepN,gonogo_handler.thisTrialN,gonogo_handler.thisN,gonogo_handler.thisIndex,thisRow.t,notes,Welcome.started,text_hi.started,key_welcome.started,Welcome.stopped,key_welcome.keys,key_welcome.rt,key_welcome.duration,Explanation_PAL.started,text_Explain_PAL.started,key_start_example.started,Explanation_PAL.stopped,key_start_example.keys,key_start_example.rt,key_start_example.duration,Explain_Rating.started,text_explain_rate.started,key_explainPAL.started,Explain_Rating.stopped,key_explainPAL.keys,key_explainPAL.rt,key_explainPAL.duration,Example_PAL.started,image_ex_scene.started,image_ex_object.started,slider_example.started,text_example.started,Example_PAL.stopped,example.slider_example.response,example.slider_example.rt,blank.started,image_blank.started,cross_25.started,image_blank.stopped,cross_25.stopped,blank.stopped,Start_PAL.started,text_end_ex.started,text_end_ex.stopped,text_start_PAL.started,key_start_PAL.started,Start_PAL.stopped,key_start_PAL.keys,key_start_PAL.rt,key_start_PAL.duration,Encode.started,image_scene_encode.started,image_object_encode.started,text_rating.started,slider_cong.started,Encode.stopped,trial_encode.slider_cong.response,trial_encode.slider_cong.rt,Pause_1.started,text_pausa1.started,key_Start_Cog.started,Pause_1.stopped,key_Start_Cog.keys,key_Start_Cog.rt,key_Start_Cog.duration,Explanation_GoNo.started,text_explanation_GoNo.started,key_gonogo_start.started,Explanation_GoNo.stopped,key_gonogo_start.keys,key_gonogo_start.rt,key_gonogo_start.duration,GoNoGo_Trial.started,gonogo_handler.trial_type,gonogo_handler.responded,gonogo_handler.response_rt,gonogo_handler.error_occurred,participant,session,date,expName,expVersion,psychopyVersion,frameRate,expStart,
,,,,,,,,,,,,,,,,,,,,,,,,,,,,,,,,,,,,,0.0041115999993053265,0.008357700000487966,0.008357700000487966,1.2404625999988639,space,1.0748523000002024,None,,,,,,,,,,,,,,,,,,,,,,,,,,,,,,,,,,,,,,,,,,,,,,,,,,,,,,,,,,,,,,,,,338815,001,2026-02-03_18h09.06.837,Full_PT,,2025.2.4,59.88888216814373,2026-02-03 18h09.07.616888 +0000,
,,,,,,,,,,,,,,,,,,,,,,,,,,,,,,,,,,,,,,,,,,,,1.2404996000004758,1.2459976999998617,2.245387799997843,2.7783928999997443,space,0.5217713999991247,None,,,,,,,,,,,,,,,,,,,,,,,,,,,,,,,,,,,,,,,,,,,,,,,,,,,,,,,,,,338815,001,2026-02-03_18h09.06.837,Full_PT,,2025.2.4,59.88888216814373,2026-02-03 18h09.07.616888 +0000,
,,,,,,,,,,,,,,,,,,,,,,,,,,,,,,,,,,,,,,,,,,,,,,,,,,,2.778431399998226,2.79564069999833,3.77893960000074,4.861900500000047,space,1.081759200002125,None,,,,,,,,,,,,,,,,,,,,,,,,,,,,,,,,,,,,,,,,,,,,,,,,,,,338815,001,2026-02-03_18h09.06.837,Full_PT,,2025.2.4,59.88888216814373,2026-02-03 18h09.07.616888 +0000,
2,Scenes_Dataset/museum_A.jpg,"(600, 337)",Objects_Dataset/picnic_towel.jpg,"(300, 300)","(250, 200)",incongruent,Objects_Dataset/fluorescent_bracelets.jpg,"(300, 300)","(250, -200)",Scenes_Dataset/boat_interior_A.jpg,"(600, 400)",0,0,0,4.0,3.46332110000003,,,,,,,0,0,0,1,,,,,,,,,4.955413600000611,,,,,,,,,,,,,,,,,,,,,,,4.949821599999268,4.955413600000611,4.955413600000611,7.370490099998278,7.370490099998278,8.428824599999643,4.0,3.46332110000003,8.42887029999838,8.4453809000006,10.678813399998035,10.695476900000358,10.945767599998362,10.91229839999869,,,,,,,,,,,,,,,,,,,,,,,,,,,,,,,,,,,,,338815,001,2026-02-03_18h09.06.837,Full_PT,,2025.2.4,59.88888216814373,2026-02-03 18h09.07.616888 +0000,
1,Scenes_Dataset/movie_theater_A.jpg,"(600, 364)",Objects_Dataset/movie_reels.jpg,"(350, 268)","(250, -200)",congruent,Objects_Dataset/3d_glasses.jpg,"(300, 300)","(250, 200)",Scenes_Dataset/building_entrance_A.jpg,"(600, 400)",1,1,0,4.0,3.255277500000375,,,,,,,0,1,1,0,,,,,,,,,10.945767599998362,,,,,,,,,,,,,,,,,,,,,,,10.94147040000098,10.945767599998362,10.945767599998362,13.444561799999065,13.444561799999065,14.213104099999327,4.0,3.255277500000375,14.21315279999908,14.228077100000519,16.46250919999875,16.47912870000073,16.712619199999608,16.696465299999545,,,,,,,,,,,,,,,,,,,,,,,,,,,,,,,,,,,,,338815,001,2026-02-03_18h09.06.837,Full_PT,,2025.2.4,59.88888216814373,2026-02-03 18h09.07.616888 +0000,
,,,,,,,,,,,,,,,,,,,,,,,,,,,,,,,,,,,,,,,,,,,,,,,,,,,,,,,,,,,,,,,,,,,,,,,,16.696820400000433,16.712619199999608,18.21281199999794,18.21281199999794,18.21281199999794,19.996599599999172,space,1.7696182999970915,None,,,,,,,,,,,,,,,,,,,,,,,,,,,,338815,001,2026-02-03_18h09.06.837,Full_PT,,2025.2.4,59.88888216814373,2026-02-03 18h09.07.616888 +0000,
,Scenes_Dataset/snow_A.jpg,"(600, 375)",Objects_Dataset/rolling_pin.jpg,"(300, 300)","(300, 200)",Incongruent,Objects_Dataset/tie.jpg,"(259, 300)","(300, -200)",,,0,0,0,,,38,3.0,3.1062636999995448,,,,,,,,0,0,0,37,,,,,20.062384900000325,,,,,,,,,,,,,,,,,,,,,,,,,,,,,,,23.180260799999814,23.19609499999933,25.429561900000408,25.446109699998487,25.706184599999688,25.663420900000347,,,,,,,,,,20.057989999997517,20.062384900000325,20.062384900000325,22.500376199997845,22.500376199997845,23.180212700000993,3.0,3.1062636999995448,,,,,,,,,,,,,,,,,,,,338815,001,2026-02-03_18h09.06.837,Full_PT,,2025.2.4,59.88888216814373,2026-02-03 18h09.07.616888 +0000,
,Scenes_Dataset/underwater_A.jpg,"(600, 450)",Objects_Dataset/diving_mask.jpg,"(300, 197)","(300, -200)",Congruent,Objects_Dataset/snorkeling_tube.jpg,"(251, 300)","(300, 200)",,,1,1,0,,,12,3.0,2.8793595999995887,,,,,,,,0,1,1,11,,,,,25.706184599999688,,,,,,,,,,,,,,,,,,,,,,,,,,,,,,,28.597159699998883,28.613119499997993,30.846338499999547,30.86249449999741,31.120936899998924,31.08057740000004,,,,,,,,,,25.701759600000514,25.706184599999688,25.706184599999688,28.179831499997817,28.179831499997817,28.5971114999993,3.0,2.8793595999995887,,,,,,,,,,,,,,,,,,,,338815,001,2026-02-03_18h09.06.837,Full_PT,,2025.2.4,59.88888216814373,2026-02-03 18h09.07.616888 +0000,
,Scenes_Dataset/trash_A.jpg,"(600, 424)",Objects_Dataset/mortar.jpg,"(273, 300)","(300, 200)",Incongruent,Objects_Dataset/light_switch.jpg,"(250, 250)","(300, -200)",,,2,2,0,,,35,3.0,3.0144122000019706,,,,,,,,0,2,2,34,,,,,31.120936899998924,,,,,,,,,,,,,,,,,,,,,,,,,,,,,,,34.14737360000072,34.163234899999225,36.3969302000005,36.41361079999842,36.67057179999756,36.630441400000564,,,,,,,,,,31.116641299999173,31.120936899998924,31.120936899998924,33.596514099997876,33.596514099997876,34.14732509999885,3.0,3.0144122000019706,,,,,,,,,,,,,,,,,,,,338815,001,2026-02-03_18h09.06.837,Full_PT,,2025.2.4,59.88888216814373,2026-02-03 18h09.07.616888 +0000,
,Scenes_Dataset/vault_A.jpg,"(600, 400)",Objects_Dataset/banknotes.jpg,"(300, 154)","(300, -200)",Congruent,Objects_Dataset/gold_bar.jpg,"(300, 219)","(300, 200)",,,3,3,0,,,9,3.0,3.1148399999983667,,,,,,,,0,3,3,8,,,,,36.67057179999756,,,,,,,,,,,,,,,,,,,,,,,,,,,,,,,39.79715429999851,39.813632999997935,42.0472234000008,42.06337939999867,42.309385000000475,42.27987639999992,,,,,,,,,,36.666414799998165,36.67057179999756,36.67057179999756,39.14683539999896,39.14683539999896,39.79710669999986,3.0,3.1148399999983667,,,,,,,,,,,,,,,,,,,,338815,001,2026-02-03_18h09.06.837,Full_PT,,2025.2.4,59.88888216814373,2026-02-03 18h09.07.616888 +0000,
,Scenes_Dataset/waiting_room_A.jpg,"(600, 450)",Objects_Dataset/swiss_army_knife.jpg,"(300, 214)","(300, 200)",Incongruent,Objects_Dataset/padlock.jpg,"(300, 153)","(300, -200)",,,4,4,0,,,57,3.0,3.7598238000027777,,,,,,,,0,4,4,56,,,,,42.309385000000475,,,,,,,,,,,,,,,,,,,,,,,,,,,,,,,46.08155540000007,46.09716079999998,48.33066649999819,48.34762860000046,48.611414799997874,48.56397139999899,,,,,,,,,,42.30537999999797,42.309385000000475,42.309385000000475,44.79690769999797,44.79690769999797,46.081506999998965,3.0,3.7598238000027777,,,,,,,,,,,,,,,,,,,,338815,001,2026-02-03_18h09.06.837,Full_PT,,2025.2.4,59.88888216814373,2026-02-03 18h09.07.616888 +0000,
,Scenes_Dataset/savannah_A.jpg,"(600, 402)",Objects_Dataset/eskimo_coat.jpg,"(300, 300)","(300, 200)",Incongruent,Objects_Dataset/brown_adhesive_tape.jpg,"(250, 190)","(300, -200)",,,5,5,0,,,59,3.0,2.991739000000962,,,,,,,,0,5,5,58,,,,,48.611414799997874,,,,,,,,,,,,,,,,,,,,,,,,,,,,,,,51.61462879999817,51.63098759999775,53.864234900000156,53.880947499998,54.138388499999564,54.09851879999769,,,,,,,,,,48.607280599997466,48.611414799997874,48.611414799997874,51.09558439999819,51.09558439999819,51.61457949999749,3.0,2.991739000000962,,,,,,,,,,,,,,,,,,,,338815,001,2026-02-03_18h09.06.837,Full_PT,,2025.2.4,59.88888216814373,2026-02-03 18h09.07.616888 +0000,
,Scenes_Dataset/soccer_stadium_A.jpg,"(600, 400)",Objects_Dataset/soccer_ball.jpg,"(200, 194)","(300, -200)",Congruent,Objects_Dataset/football_boots.jpg,"(300, 300)","(300, 200)",,,6,6,0,,,19,3.0,3.1811156000003393,,,,,,,,0,6,6,18,,,,,54.138388499999564,,,,,,,,,,,,,,,,,,,,,,,,,,,,,,,57.331528999999136,57.34802999999738,59.58163810000042,59.59822630000053,59.86041800000021,59.81521269999939,,,,,,,,,,54.13417489999847,54.138388499999564,54.138388499999564,56.614302699999826,56.614302699999826,57.33148069999879,3.0,3.1811156000003393,,,,,,,,,,,,,,,,,,,,338815,001,2026-02-03_18h09.06.837,Full_PT,,2025.2.4,59.88888216814373,2026-02-03 18h09.07.616888 +0000,
,Scenes_Dataset/restaurant_A.jpg,"(600, 400)",Objects_Dataset/plate.jpg,"(300, 117)","(300, 200)",Congruent,Objects_Dataset/fork.jpg,"(300, 180)","(300, -200)",,,7,7,0,,,53,3.0,3.410190499998862,,,,,,,,0,7,7,52,,,,,59.86041800000021,,,,,,,,,,,,,,,,,,,,,,,,,,,,,,,63.282469999998284,63.29855359999783,65.53160790000038,65.5482677,65.8067865999983,65.76586699999825,,,,,,,,,,59.856087000000116,59.86041800000021,59.86041800000021,62.33151960000032,62.33151960000032,63.282420499999716,3.0,3.410190499998862,,,,,,,,,,,,,,,,,,,,338815,001,2026-02-03_18h09.06.837,Full_PT,,2025.2.4,59.88888216814373,2026-02-03 18h09.07.616888 +0000,
,Scenes_Dataset/laboratory_A.jpg,"(600, 400)",Objects_Dataset/pipette.jpg,"(300, 221)","(300, 200)",Congruent,Objects_Dataset/microscope.jpg,"(250, 300)","(300, -200)",,,8,8,0,,,33,3.0,2.847144399998797,,,,,,,,0,8,8,32,,,,,65.8067865999983,,,,,,,,,,,,,,,,,,,,,,,,,,,,,,,68.66621450000093,68.6821916000008,70.91558939999959,70.9322573999998,71.18373969999811,71.14893999999913,,,,,,,,,,65.80283910000071,65.8067865999983,65.8067865999983,68.2962664000006,68.2962664000006,68.6661669999994,3.0,2.847144399998797,,,,,,,,,,,,,,,,,,,,338815,001,2026-02-03_18h09.06.837,Full_PT,,2025.2.4,59.88888216814373,2026-02-03 18h09.07.616888 +0000,
,Scenes_Dataset/vegetable_garden_A.jpg,"(600, 399)",Objects_Dataset/mannequin.jpg,"(340, 400)","(300, -200)",Incongruent,Objects_Dataset/ballet_shoe.jpg,"(300, 300)","(300, 200)",,,9,9,0,,,24,4.0,6.455049100000906,,,,,,,,0,9,9,23,,,,,71.18373969999811,,,,,,,,,,,,,,,,,,,,,,,,,,,,,,,77.65006680000079,77.66583679999894,79.8990593999988,79.91577739999775,80.17479629999798,80.13334039999972,,,,,,,,,,71.17934799999784,71.18373969999811,71.18373969999811,73.66552840000077,73.66552840000077,77.65001359999951,4.0,6.455049100000906,,,,,,,,,,,,,,,,,,,,338815,001,2026-02-03_18h09.06.837,Full_PT,,2025.2.4,59.88888216814373,2026-02-03 18h09.07.616888 +0000,
,Scenes_Dataset/jewelery_A.jpg,"(600, 398)",Objects_Dataset/ring.jpg,"(128, 150)","(300, 200)",Congruent,Objects_Dataset/jewelry_box.jpg,"(267, 300)","(300, -200)",,,10,10,0,,,41,3.0,3.2297386999998707,,,,,,,,0,10,10,40,,,,,80.17479629999798,,,,,,,,,,,,,,,,,,,,,,,,,,,,,,,83.41679959999965,83.43318219999856,85.66639239999859,85.68302820000099,85.93931420000081,85.90039919999981,,,,,,,,,,80.17063609999968,80.17479629999798,80.17479629999798,82.65423449999798,82.65423449999798,83.41675269999905,3.0,3.2297386999998707,,,,,,,,,,,,,,,,,,,,338815,001,2026-02-03_18h09.06.837,Full_PT,,2025.2.4,59.88888216814373,2026-02-03 18h09.07.616888 +0000,
,Scenes_Dataset/airport_A.jpg,"(600, 338)",Objects_Dataset/suitcase.jpg,"(226, 350)","(300, -200)",Congruent,Objects_Dataset/luggage_cart.jpg,"(232, 300)","(300, 200)",,,11,11,0,,,1,3.0,2.933015599999635,,,,,,,,0,11,11,0,,,,,85.93931420000081,,,,,,,,,,,,,,,,,,,,,,,,,,,,,,,88.8839979000004,88.90001510000002,91.14984859999822,91.14984859999822,91.41866350000055,91.38300299999901,,,,,,,,,,85.9350658000003,85.93931420000081,85.93931420000081,88.43250379999881,88.43250379999881,88.88394639999751,3.0,2.933015599999635,,,,,,,,,,,,,,,,,,,,338815,001,2026-02-03_18h09.06.837,Full_PT,,2025.2.4,59.88888216814373,2026-02-03 18h09.07.616888 +0000,
,Scenes_Dataset/road_A.jpg,"(600, 450)",Objects_Dataset/locker.jpg,"(264, 400)","(300, -200)",Incongruent,Objects_Dataset/domino_piece.jpg,"(200, 174)","(300, 200)",,,12,12,0,,,20,3.0,2.986751299999014,,,,,,,,0,12,12,19,,,,,91.41866350000055,,,,,,,,,,,,,,,,,,,,,,,,,,,,,,,94.41768600000069,94.43355549999978,96.68321509999805,96.68321509999805,96.9533276000002,96.91695690000051,,,,,,,,,,91.41421210000044,91.41866350000055,91.41866350000055,93.88402130000031,93.88402130000031,94.41763699999865,3.0,2.986751299999014,,,,,,,,,,,,,,,,,,,,338815,001,2026-02-03_18h09.06.837,Full_PT,,2025.2.4,59.88888216814373,2026-02-03 18h09.07.616888 +0000,
,Scenes_Dataset/castle_A.jpg,"(600, 450)",Objects_Dataset/shield.jpg,"(199, 300)","(300, -200)",Congruent,Objects_Dataset/armor.jpg,"(270, 270)","(300, 200)",,,13,13,0,,,6,3.0,2.8360711999994237,,,,,,,,0,13,13,5,,,,,96.9533276000002,,,,,,,,,,,,,,,,,,,,,,,,,,,,,,,99.80132619999858,99.81730249999964,102.05043819999992,102.06700640000054,102.31740669999999,102.28403139999864,,,,,,,,,,96.94899629999782,96.9533276000002,96.9533276000002,99.41652690000046,99.41652690000046,99.80127899999934,3.0,2.8360711999994237,,,,,,,,,,,,,,,,,,,,338815,001,2026-02-03_18h09.06.837,Full_PT,,2025.2.4,59.88888216814373,2026-02-03 18h09.07.616888 +0000,
,Scenes_Dataset/church_A.jpg,"(600, 403)",Objects_Dataset/magic_cube.jpg,"(300, 300)","(300, -200)",Incongruent,Objects_Dataset/colander.jpg,"(191, 250)","(300, 200)",,,14,14,0,,,26,3.0,3.1051498999986507,,,,,,,,0,14,14,25,,,,,102.31740669999999,,,,,,,,,,,,,,,,,,,,,,,,,,,,,,,105.434562800001,105.45022360000075,107.68428569999742,107.70086819999779,107.95233609999923,107.91760520000025,,,,,,,,,,102.31312959999923,102.31740669999999,102.31740669999999,104.81587619999846,104.81587619999846,105.43451459999778,3.0,3.1051498999986507,,,,,,,,,,,,,,,,,,,,338815,001,2026-02-03_18h09.06.837,Full_PT,,2025.2.4,59.88888216814373,2026-02-03 18h09.07.616888 +0000,
,Scenes_Dataset/hair_salon_A.jpg,"(600, 451)",Objects_Dataset/megaphone.jpg,"(300, 257)","(300, 200)",Incongruent,Objects_Dataset/water_bottle.jpg,"(350, 222)","(300, -200)",,,15,15,0,,,51,3.0,3.3375310999981593,,,,,,,,0,15,15,50,,,,,107.95233609999923,,,,,,,,,,,,,,,,,,,,,,,,,,,,,,,111.30148410000038,111.31734230000075,113.5509189000004,113.56794679999803,113.81969789999857,113.78456010000082,,,,,,,,,,107.94801889999871,107.95233609999923,107.95233609999923,110.43444879999879,110.43444879999879,111.30143540000063,3.0,3.3375310999981593,,,,,,,,,,,,,,,,,,,,338815,001,2026-02-03_18h09.06.837,Full_PT,,2025.2.4,59.88888216814373,2026-02-03 18h09.07.616888 +0000,
,Scenes_Dataset/stationary_store_A.jpg,"(600, 370)",Objects_Dataset/scissors.jpg,"(300, 145)","(300, 200)",Congruent,Objects_Dataset/stapler.jpg,"(250, 178)","(300, -200)",,,16,16,0,,,43,3.0,3.954146700001729,,,,,,,,0,16,16,42,,,,,113.81969789999857,,,,,,,,,,,,,,,,,,,,,,,,,,,,,,,117.78563070000018,117.8016045000004,120.0512925999974,120.0512925999974,120.34484449999945,120.28545949999898,,,,,,,,,,113.8151321999976,113.81969789999857,113.81969789999857,116.31741829999737,116.31741829999737,117.78558200000043,3.0,3.954146700001729,,,,,,,,,,,,,,,,,,,,338815,001,2026-02-03_18h09.06.837,Full_PT,,2025.2.4,59.88888216814373,2026-02-03 18h09.07.616888 +0000,
,Scenes_Dataset/kindergarten_A.jpg,"(600, 338)",Objects_Dataset/watercolors.jpg,"(300, 231)","(300, 200)",Congruent,Objects_Dataset/plasticine.jpg,"(250, 167)","(300, -200)",,,17,17,0,,,32,3.0,3.31216459999996,,,,,,,,0,17,17,31,,,,,120.34484449999945,,,,,,,,,,,,,,,,,,,,,,,,,,,,,,,123.66913419999764,123.68517009999778,125.9186544999975,125.9354600000006,126.19634709999809,126.15272099999856,,,,,,,,,,120.3406642000009,120.34484449999945,120.34484449999945,122.78526409999904,122.78526409999904,123.66908649999823,3.0,3.31216459999996,,,,,,,,,,,,,,,,,,,,338815,001,2026-02-03_18h09.06.837,Full_PT,,2025.2.4,59.88888216814373,2026-02-03 18h09.07.616888 +0000,
,Scenes_Dataset/nursery_A.jpg,"(600, 450)",Objects_Dataset/feeding_bottle.jpg,"(300, 295)","(300, -200)",Congruent,Objects_Dataset/mobile_baby.jpg,"(350, 263)","(300, 200)",,,18,18,0,,,3,3.0,3.595075999997789,,,,,,,,0,18,18,2,,,,,126.19634709999809,,,,,,,,,,,,,,,,,,,,,,,,,,,,,,,129.80298530000073,129.81887590000042,132.0686925000009,132.0686925000009,132.33787609999854,132.30259020000085,,,,,,,,,,126.19206660000054,126.19634709999809,126.19634709999809,128.66857679999885,128.66857679999885,129.8029361000008,3.0,3.595075999997789,,,,,,,,,,,,,,,,,,,,338815,001,2026-02-03_18h09.06.837,Full_PT,,2025.2.4,59.88888216814373,2026-02-03 18h09.07.616888 +0000,
,Scenes_Dataset/sky_A.jpg,"(600, 398)",Objects_Dataset/battery.jpg,"(300, 188)","(300, -200)",Incongruent,Objects_Dataset/luggage_carrier_cart.jpg,"(214, 350)","(300, 200)",,,19,19,0,,,7,3.0,2.9699801999995543,,,,,,,,0,19,19,6,,,,,132.33787609999854,,,,,,,,,,,,,,,,,,,,,,,,,,,,,,,135.32022230000075,135.33593939999992,137.58590209999966,137.58590209999966,137.85362239999813,137.81948349999948,,,,,,,,,,132.33371629999965,132.33787609999854,132.33787609999854,134.80217279999852,134.80217279999852,135.32017599999745,3.0,2.9699801999995543,,,,,,,,,,,,,,,,,,,,338815,001,2026-02-03_18h09.06.837,Full_PT,,2025.2.4,59.88888216814373,2026-02-03 18h09.07.616888 +0000,
,Scenes_Dataset/kitchen_A.jpg,"(600, 450)",Objects_Dataset/desk_microphone.jpg,"(300, 300)","(300, -200)",Incongruent,Objects_Dataset/tennis_ball.jpg,"(200, 200)","(300, 200)",,,20,20,0,,,11,3.0,3.0052105999966443,,,,,,,,0,20,20,10,,,,,137.85362239999813,,,,,,,,,,,,,,,,,,,,,,,,,,,,,,,140.87008729999798,140.88591760000054,143.11948719999782,143.1362096999983,143.40478409999923,143.35346039999786,,,,,,,,,,137.84921869999744,137.85362239999813,137.85362239999813,140.33210359999794,140.33210359999794,140.87003990000085,3.0,3.0052105999966443,,,,,,,,,,,,,,,,,,,,338815,001,2026-02-03_18h09.06.837,Full_PT,,2025.2.4,59.88888216814373,2026-02-03 18h09.07.616888 +0000,
,Scenes_Dataset/parking_lot_A.jpg,"(600, 397)",Objects_Dataset/disabled_signal.jpg,"(350, 350)","(300, 200)",Congruent,Objects_Dataset/barrier.jpg,"(300, 300)","(300, -200)",,,21,21,0,,,46,3.0,3.1206535000019358,,,,,,,,0,21,21,45,,,,,143.40478409999923,,,,,,,,,,,,,,,,,,,,,,,,,,,,,,,146.53750310000032,146.55334749999747,148.80300599999828,148.80300599999828,149.08309569999983,149.03694370000085,,,,,,,,,,143.40037540000048,143.40478409999923,143.40478409999923,145.86921369999982,145.86921369999982,146.5374544999977,3.0,3.1206535000019358,,,,,,,,,,,,,,,,,,,,338815,001,2026-02-03_18h09.06.837,Full_PT,,2025.2.4,59.88888216814373,2026-02-03 18h09.07.616888 +0000,
,Scenes_Dataset/playground_A.jpg,"(600, 337)",Objects_Dataset/wine_cork.jpg,"(250, 163)","(300, 200)",Incongruent,Objects_Dataset/bible.jpg,"(300, 248)","(300, -200)",,,22,22,0,,,47,3.0,3.2602301000006264,,,,,,,,0,22,22,46,,,,,149.08309569999983,,,,,,,,,,,,,,,,,,,,,,,,,,,,,,,152.35422649999964,152.36914029999753,154.60365209999873,154.62030830000003,154.87341879999803,154.83726390000083,,,,,,,,,,149.07888000000094,149.08309569999983,149.08309569999983,151.54101059999812,151.54101059999812,152.3541699999987,3.0,3.2602301000006264,,,,,,,,,,,,,,,,,,,,338815,001,2026-02-03_18h09.06.837,Full_PT,,2025.2.4,59.88888216814373,2026-02-03 18h09.07.616888 +0000,
,Scenes_Dataset/train_station_A.jpg,"(600, 415)",Objects_Dataset/hairdryer.jpg,"(250, 241)","(300, -200)",Incongruent,Objects_Dataset/hang_glider.jpg,"(450, 275)","(300, 200)",,,23,23,0,,,18,3.0,3.4360478999988118,,,,,,,,0,23,23,17,,,,,154.87341879999803,,,,,,,,,,,,,,,,,,,,,,,,,,,,,,,158.32129329999952,158.33719220000057,160.5706668999992,160.58730110000033,160.84133739999743,160.80389279999872,,,,,,,,,,154.86913509999795,154.87341879999803,154.87341879999803,157.36865939999916,157.36865939999916,158.32124610000028,3.0,3.4360478999988118,,,,,,,,,,,,,,,,,,,,338815,001,2026-02-03_18h09.06.837,Full_PT,,2025.2.4,59.88888216814373,2026-02-03 18h09.07.616888 +0000,
,Scenes_Dataset/toilet_A.jpg,"(600, 450)",Objects_Dataset/soap.jpg,"(300, 191)","(300, 200)",Congruent,Objects_Dataset/toothbrush.jpg,"(300, 215)","(300, -200)",,,24,24,0,,,60,3.0,5.169210899999598,,,,,,,,0,24,24,59,,,,,160.84133739999743,,,,,,,,,,,,,,,,,,,,,,,,,,,,,,,166.02187969999795,166.036694800001,168.2708328000008,168.2874116999992,168.53605170000083,168.5047248999981,,,,,,,,,,160.83689709999817,160.84133739999743,160.84133739999743,163.33677850000095,163.33677850000095,166.02183109999896,3.0,5.169210899999598,,,,,,,,,,,,,,,,,,,,338815,001,2026-02-03_18h09.06.837,Full_PT,,2025.2.4,59.88888216814373,2026-02-03 18h09.07.616888 +0000,
,Scenes_Dataset/campsite_A.jpg,"(600, 402)",Objects_Dataset/hotel_bell.jpg,"(171, 200)","(300, 200)",Incongruent,Objects_Dataset/door_mat.jpg,"(300, 300)","(300, -200)",,,25,25,0,,,44,3.0,3.740717399999994,,,,,,,,0,25,25,43,,,,,168.53605170000083,,,,,,,,,,,,,,,,,,,,,,,,,,,,,,,172.28863400000046,172.30475830000069,174.5381445999992,174.55478239999866,174.82034289999865,174.77208389999942,,,,,,,,,,168.531835400001,168.53605170000083,168.53605170000083,171.02104889999828,171.02104889999828,172.28858559999935,3.0,3.740717399999994,,,,,,,,,,,,,,,,,,,,338815,001,2026-02-03_18h09.06.837,Full_PT,,2025.2.4,59.88888216814373,2026-02-03 18h09.07.616888 +0000,
,Scenes_Dataset/construction_A.jpg,"(600, 440)",Objects_Dataset/nail.jpg,"(300, 272)","(300, 200)",Congruent,Objects_Dataset/brick.jpg,"(300, 224)","(300, -200)",,,26,26,0,,,39,3.0,3.1568165000026056,,,,,,,,0,26,26,38,,,,,174.82034289999865,,,,,,,,,,,,,,,,,,,,,,,,,,,,,,,177.98900439999852,178.00530149999759,180.23796980000043,180.25499529999797,180.5190091000004,180.47200969999903,,,,,,,,,,174.81599909999932,174.82034289999865,174.82034289999865,177.30367169999954,177.30367169999954,177.98895709999852,3.0,3.1568165000026056,,,,,,,,,,,,,,,,,,,,338815,001,2026-02-03_18h09.06.837,Full_PT,,2025.2.4,59.88888216814373,2026-02-03 18h09.07.616888 +0000,
,Scenes_Dataset/waves.jpg,"(600, 450)",Objects_Dataset/surf_board.jpg,"(114, 350)","(300, 200)",Congruent,Objects_Dataset/surf_suit.jpg,"(256, 350)","(300, -200)",,,27,27,0,,,40,3.0,3.492103300002782,,,,,,,,0,27,27,39,,,,,180.5190091000004,,,,,,,,,,,,,,,,,,,,,,,,,,,,,,,184.0219651999978,184.03825199999847,186.27178959999947,186.28847739999765,186.54328969999915,186.5053134000009,,,,,,,,,,180.5143183,180.5190091000004,180.5190091000004,182.9879613999983,182.9879613999983,184.0219103999989,3.0,3.492103300002782,,,,,,,,,,,,,,,,,,,,338815,001,2026-02-03_18h09.06.837,Full_PT,,2025.2.4,59.88888216814373,2026-02-03 18h09.07.616888 +0000,
,Scenes_Dataset/closet_A.jpg,"(600, 400)",Objects_Dataset/trash_can.jpg,"(225, 300)","(300, 200)",Incongruent,Objects_Dataset/plastic_bag.jpg,"(350, 197)","(300, -200)",,,28,28,0,,,54,3.0,4.401270700000168,,,,,,,,0,28,28,53,,,,,186.54328969999915,,,,,,,,,,,,,,,,,,,,,,,,,,,,,,,190.95674560000043,190.9721733999977,193.20582439999998,193.22244929999943,193.47908900000039,193.43975750000027,,,,,,,,,,186.53909349999958,186.54328969999915,186.54328969999915,189.03345640000043,189.03345640000043,190.95669400000043,3.0,4.401270700000168,,,,,,,,,,,,,,,,,,,,338815,001,2026-02-03_18h09.06.837,Full_PT,,2025.2.4,59.88888216814373,2026-02-03 18h09.07.616888 +0000,
,Scenes_Dataset/mountain_A.jpg,"(600, 379)",Objects_Dataset/swimming_arm_bands.jpg,"(300, 300)","(300, 200)",Incongruent,Objects_Dataset/thimble.jpg,"(124, 150)","(300, -200)",,,29,29,0,,,37,3.0,3.4324846000017715,,,,,,,,0,29,29,36,,,,,193.47908900000039,,,,,,,,,,,,,,,,,,,,,,,,,,,,,,,196.92351829999825,196.93943659999786,199.172114099998,199.18955699999788,199.44296399999803,199.4062156,,,,,,,,,,193.47478299999784,193.47908900000039,193.47908900000039,195.9556898999981,195.9556898999981,196.92346969999926,3.0,3.4324846000017715,,,,,,,,,,,,,,,,,,,,338815,001,2026-02-03_18h09.06.837,Full_PT,,2025.2.4,59.88888216814373,2026-02-03 18h09.07.616888 +0000,
,Scenes_Dataset/desert_A.jpg,"(600, 375)",Objects_Dataset/cactus.jpg,"(300, 248)","(300, -200)",Congruent,Objects_Dataset/turban.jpg,"(300, 300)","(300, 200)",,,30,30,0,,,14,3.0,3.3187930999993114,,,,,,,,0,30,30,13,,,,,199.44296399999803,,,,,,,,,,,,,,,,,,,,,,,,,,,,,,,202.7740926999977,202.78970760000084,205.03960430000006,205.03960430000006,205.3093205999976,205.27385689999937,,,,,,,,,,199.43873579999854,199.44296399999803,199.44296399999803,201.92335380000077,201.92335380000077,202.77404589999787,3.0,3.3187930999993114,,,,,,,,,,,,,,,,,,,,338815,001,2026-02-03_18h09.06.837,Full_PT,,2025.2.4,59.88888216814373,2026-02-03 18h09.07.616888 +0000,
,Scenes_Dataset/forest_A.jpg,"(600, 375)",Objects_Dataset/poker_chips.jpg,"(350, 119)","(300, -200)",Incongruent,Objects_Dataset/bathrobe.jpg,"(350, 350)","(300, 200)",,,31,31,0,,,22,3.0,4.336411000000226,,,,,,,,0,31,31,21,,,,,205.3093205999976,,,,,,,,,,,,,,,,,,,,,,,,,,,,,,,209.65735679999852,209.67314479999914,211.90691279999737,211.92356079999809,212.17278570000053,212.14054779999788,,,,,,,,,,205.30495800000062,205.3093205999976,205.3093205999976,207.78907839999738,207.78907839999738,209.65730809999877,3.0,4.336411000000226,,,,,,,,,,,,,,,,,,,,338815,001,2026-02-03_18h09.06.837,Full_PT,,2025.2.4,59.88888216814373,2026-02-03 18h09.07.616888 +0000,
,Scenes_Dataset/dentist_A.jpg,"(600, 400)",Objects_Dataset/dentist_mirror.jpg,"(300, 300)","(300, -200)",Congruent,Objects_Dataset/surgical_mask.jpg,"(300, 300)","(300, 200)",,,32,32,0,,,13,3.0,4.489894899998035,,,,,,,,0,32,32,12,,,,,212.17278570000053,,,,,,,,,,,,,,,,,,,,,,,,,,,,,,,216.67455569999947,216.69051729999774,218.92385210000066,218.94052609999926,219.19905930000095,219.1575272000009,,,,,,,,,,212.1684471999979,212.17278570000053,212.17278570000053,214.67068509999808,214.67068509999808,216.6745066000003,3.0,4.489894899998035,,,,,,,,,,,,,,,,,,,,338815,001,2026-02-03_18h09.06.837,Full_PT,,2025.2.4,59.88888216814373,2026-02-03 18h09.07.616888 +0000,
,Scenes_Dataset/pharmacy_A.jpg,"(600, 461)",Objects_Dataset/pills.jpg,"(216, 250)","(300, -200)",Congruent,Objects_Dataset/thermometer.jpg,"(300, 199)","(300, 200)",,,33,33,0,,,21,3.0,3.164313100001891,,,,,,,,0,33,33,20,,,,,219.19905930000095,,,,,,,,,,,,,,,,,,,,,,,,,,,,,,,222.37422259999948,222.39012349999757,224.6241614999999,224.64086300000054,224.89194040000075,224.85758359999818,,,,,,,,,,219.19444020000083,219.19905930000095,219.19905930000095,221.67349309999918,221.67349309999918,222.37417450000066,3.0,3.164313100001891,,,,,,,,,,,,,,,,,,,,338815,001,2026-02-03_18h09.06.837,Full_PT,,2025.2.4,59.88888216814373,2026-02-03 18h09.07.616888 +0000,
,Scenes_Dataset/island_A.jpg,"(600, 420)",Objects_Dataset/cork_showcase.jpg,"(300, 255)","(300, -200)",Incongruent,Objects_Dataset/suit_vest.jpg,"(194, 300)","(300, 200)",,,34,34,0,,,27,3.0,3.4210018000012496,,,,,,,,0,34,34,26,,,,,224.89194040000075,,,,,,,,,,,,,,,,,,,,,,,,,,,,,,,228.32502609999938,228.34100789999866,230.57433799999853,230.59118780000063,230.84686610000063,230.80837790000078,,,,,,,,,,224.88762529999804,224.89194040000075,224.89194040000075,227.37383860000045,227.37383860000045,228.32497929999954,3.0,3.4210018000012496,,,,,,,,,,,,,,,,,,,,338815,001,2026-02-03_18h09.06.837,Full_PT,,2025.2.4,59.88888216814373,2026-02-03 18h09.07.616888 +0000,
,Scenes_Dataset/laundry_A.jpg,"(600, 408)",Objects_Dataset/laundry_basket.jpg,"(300, 225)","(300, 200)",Congruent,Objects_Dataset/laundry_detergent.jpg,"(186, 264)","(300, -200)",,,35,35,0,,,34,3.0,3.4499499999983527,,,,,,,,0,35,35,33,,,,,230.84686610000063,,,,,,,,,,,,,,,,,,,,,,,,,,,,,,,234.30854289999843,234.3246583,236.55818969999746,236.5747765999986,236.826932699998,236.7915441999976,,,,,,,,,,230.84249369999816,230.84686610000063,230.84686610000063,233.32446999999956,233.32446999999956,234.30849309999758,3.0,3.4499499999983527,,,,,,,,,,,,,,,,,,,,338815,001,2026-02-03_18h09.06.837,Full_PT,,2025.2.4,59.88888216814373,2026-02-03 18h09.07.616888 +0000,
,Scenes_Dataset/garden_A.jpg,"(600, 446)",Objects_Dataset/saline.jpg,"(300, 225)","(300, 200)",Incongruent,Objects_Dataset/soap_dispenser.jpg,"(300, 300)","(300, -200)",,,36,36,0,,,31,3.0,3.9706736000007368,,,,,,,,0,36,36,30,,,,,236.826932699998,,,,,,,,,,,,,,,,,,,,,,,,,,,,,,,240.80930689999877,240.82528710000042,243.0586700999993,243.07554320000054,243.32359879999785,243.2923114999976,,,,,,,,,,236.8224025999989,236.826932699998,236.826932699998,239.30748830000084,239.30748830000084,240.80925769999885,3.0,3.9706736000007368,,,,,,,,,,,,,,,,,,,,338815,001,2026-02-03_18h09.06.837,Full_PT,,2025.2.4,59.88888216814373,2026-02-03 18h09.07.616888 +0000,
,Scenes_Dataset/classroom_A.jpg,"(600, 450)",Objects_Dataset/set_square.jpg,"(300, 182)","(300, 200)",Congruent,Objects_Dataset/drawing_compass.jpg,"(111, 300)","(300, -200)",,,37,37,0,,,56,3.0,3.107556899998599,,,,,,,,0,37,37,55,,,,,243.32359879999785,,,,,,,,,,,,,,,,,,,,,,,,,,,,,,,246.44298139999955,246.45837480000046,248.6917809000006,248.7086976999999,248.96608500000002,248.92533940000067,,,,,,,,,,243.3192386999981,243.32359879999785,243.32359879999785,245.82229820000066,245.82229820000066,246.44293219999963,3.0,3.107556899998599,,,,,,,,,,,,,,,,,,,,338815,001,2026-02-03_18h09.06.837,Full_PT,,2025.2.4,59.88888216814373,2026-02-03 18h09.07.616888 +0000,
,Scenes_Dataset/stable_A.jpg,"(600, 450)",Objects_Dataset/horseshoe.jpg,"(300, 296)","(300, -200)",Congruent,Objects_Dataset/saddle.jpg,"(300, 199)","(300, 200)",,,38,38,0,,,17,3.0,3.3489271999969787,,,,,,,,0,38,38,16,,,,,248.96608500000002,,,,,,,,,,,,,,,,,,,,,,,,,,,,,,,252.32632899999953,252.34218209999744,254.57564269999784,254.59205400000064,254.84527399999934,254.80973670000094,,,,,,,,,,248.9614158000004,248.96608500000002,248.96608500000002,251.4422268999988,251.4422268999988,252.3262795999981,3.0,3.3489271999969787,,,,,,,,,,,,,,,,,,,,338815,001,2026-02-03_18h09.06.837,Full_PT,,2025.2.4,59.88888216814373,2026-02-03 18h09.07.616888 +0000,
,Scenes_Dataset/beach_A.jpg,"(600, 450)",Objects_Dataset/beach_umbrella.jpg,"(266, 300)","(300, 200)",Congruent,Objects_Dataset/whelk.jpg,"(250, 143)","(300, -200)",,,39,39,0,,,50,3.0,3.135922400000709,,,,,,,,0,39,39,49,,,,,254.84527399999934,,,,,,,,,,,,,,,,,,,,,,,,,,,,,,,257.993000399998,258.00957969999945,260.24287229999754,260.25953409999784,260.5104570000003,260.47655379999924,,,,,,,,,,254.84097699999984,254.84527399999934,254.84527399999934,257.32548379999935,257.32548379999935,257.992951799999,3.0,3.135922400000709,,,,,,,,,,,,,,,,,,,,338815,001,2026-02-03_18h09.06.837,Full_PT,,2025.2.4,59.88888216814373,2026-02-03 18h09.07.616888 +0000,
,Scenes_Dataset/bakery_A.jpg,"(600, 400)",Objects_Dataset/train_seats.jpg,"(300, 300)","(300, 200)",Incongruent,Objects_Dataset/beach_bucket.jpg,"(300, 300)","(300, -200)",,,40,40,0,,,42,3.0,3.554998699997668,,,,,,,,0,40,40,41,,,,,260.5104570000003,,,,,,,,,,,,,,,,,,,,,,,,,,,,,,,264.077505199999,264.09315419999984,266.3431476000005,266.3431476000005,266.6209640999987,266.57656719999795,,,,,,,,,,260.5061139999998,260.5104570000003,260.5104570000003,262.99641209999754,262.99641209999754,264.0774547000001,3.0,3.554998699997668,,,,,,,,,,,,,,,,,,,,338815,001,2026-02-03_18h09.06.837,Full_PT,,2025.2.4,59.88888216814373,2026-02-03 18h09.07.616888 +0000,
,Scenes_Dataset/games_room_A.jpg,"(600, 371)",Objects_Dataset/latex_gloves.jpg,"(300, 300)","(300, 200)",Incongruent,Objects_Dataset/gauze_pad.jpg,"(300, 206)","(300, -200)",,,41,41,0,,,58,3.0,3.22812519999934,,,,,,,,0,41,41,57,,,,,266.6209640999987,,,,,,,,,,,,,,,,,,,,,,,,,,,,,,,269.8609398999979,269.8767305000001,272.110302699999,272.1264811000001,272.3800319000002,272.34409869999945,,,,,,,,,,266.6165430000001,266.6209640999987,266.6209640999987,269.0762630999998,269.0762630999998,269.860890699998,3.0,3.22812519999934,,,,,,,,,,,,,,,,,,,,338815,001,2026-02-03_18h09.06.837,Full_PT,,2025.2.4,59.88888216814373,2026-02-03 18h09.07.616888 +0000,
,Scenes_Dataset/airplane_interior_A.jpg,"(600, 480)",Objects_Dataset/chalice.jpg,"(192, 300)","(300, -200)",Incongruent,Objects_Dataset/paint_roller.jpg,"(262, 300)","(300, 200)",,,42,42,0,,,28,3.0,3.0849777000003087,,,,,,,,0,42,42,27,,,,,272.3800319000002,,,,,,,,,,,,,,,,,,,,,,,,,,,,,,,275.47721249999813,275.4928488999976,277.7273325999995,277.74399540000013,278.0105764,277.9658374999999,,,,,,,,,,272.37602479999987,272.3800319000002,272.3800319000002,274.87446310000087,274.87446310000087,275.4771645000001,3.0,3.0849777000003087,,,,,,,,,,,,,,,,,,,,338815,001,2026-02-03_18h09.06.837,Full_PT,,2025.2.4,59.88888216814373,2026-02-03 18h09.07.616888 +0000,
,Scenes_Dataset/pool_A.jpg,"(600, 494)",Objects_Dataset/bikini.jpg,"(350, 350)","(300, 200)",Congruent,Objects_Dataset/swim_shorts.jpg,"(300, 300)","(300, -200)",,,43,43,0,,,48,3.0,3.7228046000018367,,,,,,,,0,43,43,47,,,,,278.0105764,,,,,,,,,,,,,,,,,,,,,,,,,,,,,,,281.74503639999966,281.7605172000003,283.99358120000034,284.01051369999914,284.28119199999855,284.22813339999993,,,,,,,,,,278.0060876999996,278.0105764,278.0105764,280.4768437999992,280.4768437999992,281.7449873999976,3.0,3.7228046000018367,,,,,,,,,,,,,,,,,,,,338815,001,2026-02-03_18h09.06.837,Full_PT,,2025.2.4,59.88888216814373,2026-02-03 18h09.07.616888 +0000,
,Scenes_Dataset/balcony.jpg,"(600, 450)",Objects_Dataset/handcuffs.jpg,"(300, 183)","(300, -200)",Incongruent,Objects_Dataset/staple_puller.jpg,"(200, 200)","(300, 200)",,,44,44,0,,,15,3.0,3.7024313999972946,,,,,,,,0,44,44,14,,,,,284.28119199999855,,,,,,,,,,,,,,,,,,,,,,,,,,,,,,,287.99531899999783,288.0112521999981,290.24464219999936,290.2609498999991,290.5137842000004,290.4785910999999,,,,,,,,,,284.2768307000006,284.28119199999855,284.28119199999855,286.74385149999944,286.74385149999944,287.9952702999981,3.0,3.7024313999972946,,,,,,,,,,,,,,,,,,,,338815,001,2026-02-03_18h09.06.837,Full_PT,,2025.2.4,59.88888216814373,2026-02-03 18h09.07.616888 +0000,
,Scenes_Dataset/toy_store_A.jpg,"(600, 399)",Objects_Dataset/belt.jpg,"(200, 162)","(300, 200)",Incongruent,Objects_Dataset/watch.jpg,"(300, 273)","(300, -200)",,,45,45,0,,,36,3.0,3.586726699999417,,,,,,,,0,45,45,35,,,,,290.5137842000004,,,,,,,,,,,,,,,,,,,,,,,,,,,,,,,294.1122918000001,294.1282089999986,296.3612796999987,296.3776195999999,296.63511819999985,296.5951716999989,,,,,,,,,,290.50945520000096,290.5137842000004,290.5137842000004,292.9947398000004,292.9947398000004,294.1122418999985,3.0,3.586726699999417,,,,,,,,,,,,,,,,,,,,338815,001,2026-02-03_18h09.06.837,Full_PT,,2025.2.4,59.88888216814373,2026-02-03 18h09.07.616888 +0000,
,Scenes_Dataset/athletics_track_A.jpg,"(600, 450)",Objects_Dataset/stopwatch.jpg,"(184, 250)","(300, 200)",Congruent,Objects_Dataset/athletics_barrier.jpg,"(350, 280)","(300, -200)",,,46,46,0,,,49,3.0,3.615798499999073,,,,,,,,0,46,46,48,,,,,296.63511819999985,,,,,,,,,,,,,,,,,,,,,,,,,,,,,,,300.26263299999846,300.2786242000002,302.5286239999987,302.5286239999987,302.7969787000002,302.76246439999886,,,,,,,,,,296.6307859000008,296.63511819999985,296.63511819999985,299.1285246000007,299.1285246000007,300.262584600001,3.0,3.615798499999073,,,,,,,,,,,,,,,,,,,,338815,001,2026-02-03_18h09.06.837,Full_PT,,2025.2.4,59.88888216814373,2026-02-03 18h09.07.616888 +0000,
,Scenes_Dataset/tree_house.jpg,"(600, 375)",Objects_Dataset/defibrillator_paddles.jpg,"(350, 223)","(300, -200)",Incongruent,Objects_Dataset/pedestal_column.jpg,"(155, 300)","(300, 200)",,,47,47,0,,,5,3.0,3.353985499998089,,,,,,,,0,47,47,4,,,,,302.7969787000002,,,,,,,,,,,,,,,,,,,,,,,,,,,,,,,306.1627461999997,306.17884299999787,308.41225199999826,308.4289400999987,308.6801717999988,308.64515519999986,,,,,,,,,,302.79272330000094,302.7969787000002,302.7969787000002,305.26166620000004,305.26166620000004,306.16269789999933,3.0,3.353985499998089,,,,,,,,,,,,,,,,,,,,338815,001,2026-02-03_18h09.06.837,Full_PT,,2025.2.4,59.88888216814373,2026-02-03 18h09.07.616888 +0000,
,Scenes_Dataset/clinic_A.jpg,"(600, 400)",Objects_Dataset/miners_cap.jpg,"(300, 300)","(300, -200)",Incongruent,Objects_Dataset/juggling_balls.jpg,"(350, 197)","(300, 200)",,,48,48,0,,,10,3.0,2.9714642999970238,,,,,,,,0,48,48,9,,,,,308.6801717999988,,,,,,,,,,,,,,,,,,,,,,,,,,,,,,,311.6634432999999,311.6793073000008,313.9123863999994,313.9290144000006,314.18056149999757,314.14570789999925,,,,,,,,,,308.67587419999836,308.6801717999988,308.6801717999988,311.16437099999894,311.16437099999894,311.66339660000085,3.0,2.9714642999970238,,,,,,,,,,,,,,,,,,,,338815,001,2026-02-03_18h09.06.837,Full_PT,,2025.2.4,59.88888216814373,2026-02-03 18h09.07.616888 +0000,
,Scenes_Dataset/circus_A.jpg,"(600, 421)",Objects_Dataset/clown_nose.jpg,"(300, 142)","(300, -200)",Congruent,Objects_Dataset/unicycle.jpg,"(159, 300)","(300, 200)",,,49,49,0,,,8,3.0,4.004426100000273,,,,,,,,0,49,49,7,,,,,314.18056149999757,,,,,,,,,,,,,,,,,,,,,,,,,,,,,,,318.19692609999765,318.21290260000023,320.462726400001,320.462726400001,320.73021320000043,320.69621220000045,,,,,,,,,,314.17625659999976,314.18056149999757,314.18056149999757,316.66259739999805,316.66259739999805,318.1968773000008,3.0,4.004426100000273,,,,,,,,,,,,,,,,,,,,338815,001,2026-02-03_18h09.06.837,Full_PT,,2025.2.4,59.88888216814373,2026-02-03 18h09.07.616888 +0000,
,Scenes_Dataset/living_room_A.jpg,"(600, 436)",Objects_Dataset/remote_control.jpg,"(300, 293)","(300, 200)",Congruent,Objects_Dataset/dvd_player.jpg,"(350, 144)","(300, -200)",,,50,50,0,,,55,3.0,3.35583029999907,,,,,,,,0,50,50,54,,,,,320.73021320000043,,,,,,,,,,,,,,,,,,,,,,,,,,,,,,,324.0971284999978,324.1127747999999,326.34659230000034,326.36331000000064,326.6339399999997,326.5804872000008,,,,,,,,,,320.7258545000004,320.73021320000043,320.73021320000043,323.1965444999987,323.1965444999987,324.0970816000008,3.0,3.35583029999907,,,,,,,,,,,,,,,,,,,,338815,001,2026-02-03_18h09.06.837,Full_PT,,2025.2.4,59.88888216814373,2026-02-03 18h09.07.616888 +0000,
,Scenes_Dataset/basketball_field_A.jpg,"(600, 399)",Objects_Dataset/basketball.jpg,"(282, 300)","(300, -200)",Congruent,Objects_Dataset/whistle.jpg,"(200, 151)","(300, 200)",,,51,51,0,,,4,3.0,3.0685505000001285,,,,,,,,0,51,51,3,,,,,326.6339399999997,,,,,,,,,,,,,,,,,,,,,,,,,,,,,,,329.71406260000003,329.7302219999983,331.96357870000065,331.9802299999974,332.25310779999927,332.1976642000009,,,,,,,,,,326.62951509999766,326.6339399999997,326.6339399999997,329.09612879999986,329.09612879999986,329.71401259999766,3.0,3.0685505000001285,,,,,,,,,,,,,,,,,,,,338815,001,2026-02-03_18h09.06.837,Full_PT,,2025.2.4,59.88888216814373,2026-02-03 18h09.07.616888 +0000,
,Scenes_Dataset/skate_park_A.jpg,"(600, 450)",Objects_Dataset/fan.jpg,"(350, 350)","(300, 200)",Incongruent,Objects_Dataset/ladder.jpg,"(241, 400)","(300, -200)",,,52,52,0,,,45,3.0,3.6332447999993747,,,,,,,,0,52,52,44,,,,,332.25310779999927,,,,,,,,,,,,,,,,,,,,,,,,,,,,,,,335.8978969999989,335.9138223000009,338.1469975,338.1638191999991,338.4220272999992,338.3811605999981,,,,,,,,,,332.2486825999986,332.25310779999927,332.25310779999927,334.7279086999988,334.7279086999988,335.8978437000005,3.0,3.6332447999993747,,,,,,,,,,,,,,,,,,,,338815,001,2026-02-03_18h09.06.837,Full_PT,,2025.2.4,59.88888216814373,2026-02-03 18h09.07.616888 +0000,
,Scenes_Dataset/childrens_room_A.jpg,"(600, 524)",Objects_Dataset/tin.jpg,"(233, 350)","(300, 200)",Incongruent,Objects_Dataset/lighter.jpg,"(300, 197)","(300, -200)",,,53,53,0,,,52,3.0,3.2313051000019186,,,,,,,,0,53,53,51,,,,,338.4220272999992,,,,,,,,,,,,,,,,,,,,,,,,,,,,,,,341.6649914000009,341.68097679999846,343.9140413999994,343.930726999999,344.18941039999845,344.1481098999975,,,,,,,,,,338.4174748000005,338.4220272999992,338.4220272999992,340.91323329999796,340.91323329999796,341.6649413999985,3.0,3.2313051000019186,,,,,,,,,,,,,,,,,,,,338815,001,2026-02-03_18h09.06.837,Full_PT,,2025.2.4,59.88888216814373,2026-02-03 18h09.07.616888 +0000,
,Scenes_Dataset/car_interior_A.jpg,"(600, 389)",Objects_Dataset/car_key.jpg,"(300, 125)","(300, -200)",Congruent,Objects_Dataset/car_freshener.jpg,"(277, 300)","(300, 200)",,,54,54,0,,,29,3.0,3.0964389000000665,,,,,,,,0,54,54,28,,,,,344.18941039999845,,,,,,,,,,,,,,,,,,,,,,,,,,,,,,,347.2983134999995,347.3142689999986,349.5479501000009,349.56470049999916,349.8241252000007,349.7818038999976,,,,,,,,,,344.18524649999745,344.18941039999845,344.18941039999845,346.6652327999982,346.6652327999982,347.29826409999805,3.0,3.0964389000000665,,,,,,,,,,,,,,,,,,,,338815,001,2026-02-03_18h09.06.837,Full_PT,,2025.2.4,59.88888216814373,2026-02-03 18h09.07.616888 +0000,
,Scenes_Dataset/elevator_A.jpg,"(600, 450)",Objects_Dataset/elevator_buttons_panel.jpg,"(257, 300)","(300, -200)",Congruent,Objects_Dataset/surveillance_camera.jpg,"(300, 204)","(300, 200)",,,55,55,0,,,16,3.0,3.0796938999992562,,,,,,,,0,55,55,15,,,,,349.8241252000007,,,,,,,,,,,,,,,,,,,,,,,,,,,,,,,352.9156275999994,352.9316441999981,355.16509589999987,355.18116630000077,355.44465489999857,355.3983327999995,,,,,,,,,,349.819728399998,349.8241252000007,349.8241252000007,352.31180089999907,352.31180089999907,352.91557939999984,3.0,3.0796938999992562,,,,,,,,,,,,,,,,,,,,338815,001,2026-02-03_18h09.06.837,Full_PT,,2025.2.4,59.88888216814373,2026-02-03 18h09.07.616888 +0000,
,Scenes_Dataset/igloo_A.jpg,"(600, 450)",Objects_Dataset/sandal.jpg,"(300, 225)","(300, -200)",Incongruent,Objects_Dataset/parking_meter.jpg,"(200, 300)","(300, 200)",,,56,56,0,,,25,3.0,3.359750699997676,,,,,,,,0,56,56,24,,,,,355.44465489999857,,,,,,,,,,,,,,,,,,,,,,,,,,,,,,,358.81603899999755,358.8318365999985,361.06440609999845,361.0820483999996,361.35079119999864,361.2989987000001,,,,,,,,,,355.440235099999,355.44465489999857,355.44465489999857,357.9281004999975,357.9281004999975,358.8159898999984,3.0,3.359750699997676,,,,,,,,,,,,,,,,,,,,338815,001,2026-02-03_18h09.06.837,Full_PT,,2025.2.4,59.88888216814373,2026-02-03 18h09.07.616888 +0000,
,Scenes_Dataset/storage_A.jpg,"(600, 450)",Objects_Dataset/torch.jpg,"(210, 300)","(300, -200)",Incongruent,Objects_Dataset/semaphore.jpg,"(199, 300)","(300, 200)",,,57,57,0,,,2,3.0,3.570302800002537,,,,,,,,0,57,57,1,,,,,361.35079119999864,,,,,,,,,,,,,,,,,,,,,,,,,,,,,,,364.9329599999983,364.9486141999987,367.19883499999924,367.19883499999924,367.48292089999813,367.4330646999988,,,,,,,,,,361.3464249999997,361.35079119999864,361.35079119999864,363.8301905999979,363.8301905999979,364.9329106999976,3.0,3.570302800002537,,,,,,,,,,,,,,,,,,,,338815,001,2026-02-03_18h09.06.837,Full_PT,,2025.2.4,59.88888216814373,2026-02-03 18h09.07.616888 +0000,
,Scenes_Dataset/art_gallery_A.jpg,"(600, 434)",Objects_Dataset/watering_can.jpg,"(300, 272)","(300, -200)",Incongruent,Objects_Dataset/racket.jpg,"(300, 300)","(300, 200)",,,58,58,0,,,23,3.0,3.072122899997339,,,,,,,,0,58,58,22,,,,,367.48292089999813,,,,,,,,,,,,,,,,,,,,,,,,,,,,,,,370.5664622000004,370.5818997999995,372.83243479999874,372.83243479999874,373.1036710999979,373.0655010999981,,,,,,,,,,367.47836219999954,367.48292089999813,367.48292089999813,369.9325668999991,369.9325668999991,370.5664144000002,3.0,3.072122899997339,,,,,,,,,,,,,,,,,,,,338815,001,2026-02-03_18h09.06.837,Full_PT,,2025.2.4,59.88888216814373,2026-02-03 18h09.07.616888 +0000,
,Scenes_Dataset/palace_interior_A.jpg,"(600, 447)",Objects_Dataset/crown.jpg,"(300, 249)","(300, -200)",Congruent,Objects_Dataset/throne.jpg,"(234, 350)","(300, 200)",,,59,59,0,,,30,3.0,3.068388399999094,,,,,,,,0,59,59,29,,,,,373.1036710999979,,,,,,,,,,,,,,,,,,,,,,,,,,,,,,,376.18362759999945,376.1989304999988,378.43289549999827,378.44904139999926,378.68285090000063,378.66685439999856,,,,,,,,,,373.0992831000003,373.1036710999979,373.1036710999979,375.56580309999845,375.56580309999845,376.1835790999976,3.0,3.068388399999094,,,,,,,,,,,,,,,,,,,,338815,001,2026-02-03_18h09.06.837,Full_PT,,2025.2.4,59.88888216814373,2026-02-03 18h09.07.616888 +0000,
,,,,,,,,,,,,,,,,,,,,,,,,,,,,,,,,,,,,,,,,,,,,,,,,,,,,,,,,,,,,,,,,,,,,,,,,,,,,,,,,,,,,,,,,,378.66713829999935,378.68285090000063,378.68285090000063,381.3341459999974,space,2.643304299999727,None,,,,,,,,,,,,,338815,001,2026-02-03_18h09.06.837,Full_PT,,2025.2.4,59.88888216814373,2026-02-03 18h09.07.616888 +0000,
,,,,,,,,,,,,,,,,,,,,,,,,,,,,,,,,,,,,,,,,,,,,,,,,,,,,,,,,,,,,,,,,,,,,,,,,,,,,,,,,,,,,,,,,,,,,,,,,381.3342827999986,381.3499067999983,381.3499067999983,391.43440869999904,space,10.080710800000816,None,,,,,,338815,001,2026-02-03_18h09.06.837,Full_PT,,2025.2.4,59.88888216814373,2026-02-03 18h09.07.616888 +0000,
,,,,,,,,,,,,3,3,0,,,,,,nogo,nogosignal.png,error_type1.png,,,,,,,,,0,3,3,3,394.46759290000045,,,,,,,,,,,,,,,,,,,,,,,,,,,,,,,,,,,,,,,,,,,,,,,,,,,,,,,,,,,,,,,,,,,,394.4550548999978,go,True,0.2627080999991449,False,,,,,,,,,
