﻿Index,scene_encode,scene_size,object_encode,object_size,target_pos,condition_encode,lure,lure_size,lure_pos,ex_new,new_scene_size,thisN,thisTrialN,thisRepN,slider_example.response,slider_example.rt,order_pairs,slider_cong.response,slider_cong.rt,example.thisRepN,example.thisTrialN,example.thisN,example.thisIndex,trial_encode.thisRepN,trial_encode.thisTrialN,trial_encode.thisN,trial_encode.thisIndex,thisRow.t,notes,Welcome.started,text_hi.started,key_welcome.started,Welcome.stopped,key_welcome.keys,key_welcome.rt,key_welcome.duration,Explanation_PAL.started,text_Explain_PAL.started,key_start_example.started,Explanation_PAL.stopped,key_start_example.keys,key_start_example.rt,key_start_example.duration,Explain_Rating.started,text_explain_rate.started,key_explainPAL.started,Explain_Rating.stopped,key_explainPAL.keys,key_explainPAL.rt,key_explainPAL.duration,Example_PAL.started,image_ex_scene.started,image_ex_object.started,slider_example.started,text_example.started,Example_PAL.stopped,example.slider_example.response,example.slider_example.rt,blank.started,image_blank.started,cross_25.started,image_blank.stopped,cross_25.stopped,blank.stopped,Start_PAL.started,text_end_ex.started,text_end_ex.stopped,text_start_PAL.started,key_start_PAL.started,Start_PAL.stopped,key_start_PAL.keys,key_start_PAL.rt,key_start_PAL.duration,Encode.started,image_scene_encode.started,image_object_encode.started,text_rating.started,slider_cong.started,Encode.stopped,trial_encode.slider_cong.response,trial_encode.slider_cong.rt,participant,session,date,expName,expVersion,psychopyVersion,frameRate,expStart,
,,,,,,,,,,,,,,,,,,,,,,,,,,,,,,0.0037411999983305577,0.008108599999104626,0.008108599999104626,0.8743923999973049,space,0.8567566999990959,None,,,,,,,,,,,,,,,,,,,,,,,,,,,,,,,,,,,,,,,,,,,,,,502701,001,2026-02-03_18h35.00.946,Full_PT,,2025.2.4,60.04884372959709,2026-02-03 18h35.01.661961 +0000,
,,,,,,,,,,,,,,,,,,,,,,,,,,,,,,,,,,,,,0.8744288999987475,0.8874674999970011,1.8867672999986098,2.271318399998563,space,0.3826246999997238,None,,,,,,,,,,,,,,,,,,,,,,,,,,,,,,,,,,,,,,,502701,001,2026-02-03_18h35.00.946,Full_PT,,2025.2.4,60.04884372959709,2026-02-03 18h35.01.661961 +0000,
,,,,,,,,,,,,,,,,,,,,,,,,,,,,,,,,,,,,,,,,,,,,2.271353199997975,2.2868781999968633,3.2705561999973725,4.087553999997908,space,0.8122073000013188,None,,,,,,,,,,,,,,,,,,,,,,,,,,,,,,,,502701,001,2026-02-03_18h35.00.946,Full_PT,,2025.2.4,60.04884372959709,2026-02-03 18h35.01.661961 +0000,
2,Scenes_Dataset/museum_A.jpg,"(600, 337)",Objects_Dataset/picnic_towel.jpg,"(300, 300)","(250, 200)",incongruent,Objects_Dataset/fluorescent_bracelets.jpg,"(300, 300)","(250, -200)",Scenes_Dataset/boat_interior_A.jpg,"(600, 400)",0,0,0,4.0,3.129750399999466,,,,0,0,0,1,,,,,4.114623699999356,,,,,,,,,,,,,,,,,,,,,,,4.109089699999458,4.114623699999356,4.114623699999356,6.587588200000027,6.587588200000027,7.254901599997538,4.0,3.129750399999466,7.254945699998643,7.270387899996422,9.504028299998026,9.52012299999842,9.75411399999939,9.737473799999862,,,,,,,,,,,,,,,,,,502701,001,2026-02-03_18h35.00.946,Full_PT,,2025.2.4,60.04884372959709,2026-02-03 18h35.01.661961 +0000,
1,Scenes_Dataset/movie_theater_A.jpg,"(600, 364)",Objects_Dataset/movie_reels.jpg,"(350, 268)","(250, -200)",congruent,Objects_Dataset/3d_glasses.jpg,"(300, 300)","(250, 200)",Scenes_Dataset/building_entrance_A.jpg,"(600, 400)",1,1,0,2.0,3.5132869000008213,,,,0,1,1,0,,,,,9.75411399999939,,,,,,,,,,,,,,,,,,,,,,,9.74520819999816,9.75411399999939,9.75411399999939,12.254572299996653,12.254572299996653,13.271321899999748,2.0,3.5132869000008213,13.271366399996623,13.286937399996532,15.520935099997587,15.537585999998555,15.771038699997007,15.755054599998402,,,,,,,,,,,,,,,,,,502701,001,2026-02-03_18h35.00.946,Full_PT,,2025.2.4,60.04884372959709,2026-02-03 18h35.01.661961 +0000,
,,,,,,,,,,,,,,,,,,,,,,,,,,,,,,,,,,,,,,,,,,,,,,,,,,,,,,,,,,,,,,,,,15.755368599999201,15.771038699997007,17.271195299999818,17.271195299999818,17.271195299999818,18.721246099998098,space,1.434843600000022,None,,,,,,,,,502701,001,2026-02-03_18h35.00.946,Full_PT,,2025.2.4,60.04884372959709,2026-02-03 18h35.01.661961 +0000,
,Scenes_Dataset/underwater_A.jpg,"(600, 450)",Objects_Dataset/diving_mask.jpg,"(300, 197)","(300, -200)",Congruent,Objects_Dataset/snorkeling_tube.jpg,"(251, 300)","(300, 200)",,,0,0,0,,,12,4.0,4.179716300001019,,,,,0,0,0,11,18.76457219999793,,,,,,,,,,,,,,,,,,,,,,,,,,,,,,,22.956022699996538,22.971288099997764,25.221685399999842,25.221685399999842,25.47226959999898,25.455237899997883,,,,,,,,,,18.760261299998092,18.76457219999793,18.76457219999793,21.24770129999888,21.24770129999888,22.955975399996532,4.0,4.179716300001019,502701,001,2026-02-03_18h35.00.946,Full_PT,,2025.2.4,60.04884372959709,2026-02-03 18h35.01.661961 +0000,
,Scenes_Dataset/forest_A.jpg,"(600, 375)",Objects_Dataset/poker_chips.jpg,"(350, 119)","(300, -200)",Incongruent,Objects_Dataset/bathrobe.jpg,"(350, 350)","(300, 200)",,,1,1,0,,,22,3.0,3.727118299997528,,,,,0,1,1,21,25.47226959999898,,,,,,,,,,,,,,,,,,,,,,,,,,,,,,,29.206005000000005,29.222221299998637,31.45522549999805,31.472502599997824,31.714733899996645,31.689386699999886,,,,,,,,,,25.463030399998388,25.47226959999898,25.47226959999898,27.954915299997083,27.954915299997083,29.205957599999238,3.0,3.727118299997528,502701,001,2026-02-03_18h35.00.946,Full_PT,,2025.2.4,60.04884372959709,2026-02-03 18h35.01.661961 +0000,
,Scenes_Dataset/parking_lot_A.jpg,"(600, 397)",Objects_Dataset/disabled_signal.jpg,"(350, 350)","(300, 200)",Congruent,Objects_Dataset/barrier.jpg,"(300, 300)","(300, -200)",,,2,2,0,,,46,3.0,3.6809652999982063,,,,,0,2,2,45,31.714733899996645,,,,,,,,,,,,,,,,,,,,,,,,,,,,,,,35.40625469999941,35.422206299997924,37.65605509999659,37.671834599997965,37.91700299999866,37.8899081999989,,,,,,,,,,31.70935009999812,31.714733899996645,31.714733899996645,34.20522069999788,34.20522069999788,35.406206399999064,3.0,3.6809652999982063,502701,001,2026-02-03_18h35.00.946,Full_PT,,2025.2.4,60.04884372959709,2026-02-03 18h35.01.661961 +0000,
,Scenes_Dataset/nursery_A.jpg,"(600, 450)",Objects_Dataset/feeding_bottle.jpg,"(300, 295)","(300, -200)",Congruent,Objects_Dataset/mobile_baby.jpg,"(350, 263)","(300, 200)",,,3,3,0,,,3,3.0,3.462276900001598,,,,,0,3,3,2,37.91700299999866,,,,,,,,,,,,,,,,,,,,,,,,,,,,,,,41.390217699998175,41.40583509999851,43.63953489999767,43.65622219999932,43.89005299999917,43.87362009999924,,,,,,,,,,37.91211629999816,37.91700299999866,37.91700299999866,40.405820899999526,40.405820899999526,41.39017039999817,3.0,3.462276900001598,502701,001,2026-02-03_18h35.00.946,Full_PT,,2025.2.4,60.04884372959709,2026-02-03 18h35.01.661961 +0000,
,Scenes_Dataset/car_interior_A.jpg,"(600, 389)",Objects_Dataset/car_key.jpg,"(300, 125)","(300, -200)",Congruent,Objects_Dataset/car_freshener.jpg,"(277, 300)","(300, 200)",,,4,4,0,,,29,3.0,3.593058899998141,,,,,0,4,4,28,43.89005299999917,,,,,,,,,,,,,,,,,,,,,,,,,,,,,,,47.490438099997846,47.50666699999783,49.73979419999887,49.756754199999705,49.989787599999545,49.97312679999959,,,,,,,,,,43.88171179999699,43.89005299999917,43.89005299999917,46.392188399997394,46.392188399997394,47.49039079999784,3.0,3.593058899998141,502701,001,2026-02-03_18h35.00.946,Full_PT,,2025.2.4,60.04884372959709,2026-02-03 18h35.01.661961 +0000,
,Scenes_Dataset/soccer_stadium_A.jpg,"(600, 400)",Objects_Dataset/soccer_ball.jpg,"(200, 194)","(300, -200)",Congruent,Objects_Dataset/football_boots.jpg,"(300, 300)","(300, 200)",,,5,5,0,,,19,,,,,,,0,5,5,18,49.989787599999545,,,,,,,,,,,,,,,,,,,,,,,,,,,,,,,,,,,,,,,,,,,,,,49.982369800000015,50.006978499997786,50.006978499997786,52.48981879999701,52.48981879999701,,,,,,,,,,,,
