﻿Index,scene_encode,scene_size,object_encode,object_size,target_pos,condition_encode,lure,lure_size,lure_pos,ex_new,new_scene_size,thisN,thisTrialN,thisRepN,slider_example.response,slider_example.rt,order_pairs,slider_cong.response,slider_cong.rt,trial_type,signal_image,feedback_image,example.thisRepN,example.thisTrialN,example.thisN,example.thisIndex,trial_encode.thisRepN,trial_encode.thisTrialN,trial_encode.thisN,trial_encode.thisIndex,gonogo_handler.thisRepN,gonogo_handler.thisTrialN,gonogo_handler.thisN,gonogo_handler.thisIndex,thisRow.t,notes,Welcome.started,text_hi.started,key_welcome.started,Welcome.stopped,key_welcome.keys,key_welcome.rt,key_welcome.duration,Explanation_PAL.started,text_Explain_PAL.started,key_start_example.started,Explanation_PAL.stopped,key_start_example.keys,key_start_example.rt,key_start_example.duration,Explain_Rating.started,text_explain_rate.started,key_explainPAL.started,Explain_Rating.stopped,key_explainPAL.keys,key_explainPAL.rt,key_explainPAL.duration,Example_PAL.started,image_ex_scene.started,image_ex_object.started,slider_example.started,text_example.started,Example_PAL.stopped,example.slider_example.response,example.slider_example.rt,blank.started,image_blank.started,cross_25.started,image_blank.stopped,cross_25.stopped,blank.stopped,Start_PAL.started,text_end_ex.started,text_start_PAL.started,key_start_PAL.started,text_end_ex.stopped,Start_PAL.stopped,key_start_PAL.keys,key_start_PAL.rt,key_start_PAL.duration,Encode.started,image_scene_encode.started,image_object_encode.started,text_rating.started,slider_cong.started,Encode.stopped,trial_encode.slider_cong.response,trial_encode.slider_cong.rt,Pause_1.started,text_pausa1.started,key_Start_Cog.started,Pause_1.stopped,key_Start_Cog.keys,key_Start_Cog.rt,key_Start_Cog.duration,Explanation_GoNo.started,text_explanation_GoNo.started,key_gonogo_start.started,Explanation_GoNo.stopped,key_gonogo_start.keys,key_gonogo_start.rt,key_gonogo_start.duration,GoNoGo_Trial.started,gonogo_handler.trial_type,gonogo_handler.responded,gonogo_handler.response_rt,gonogo_handler.error_occurred,participant,session,date,expName,expVersion,psychopyVersion,frameRate,expStart,
,,,,,,,,,,,,,,,,,,,,,,,,,,,,,,,,,,,,,0.004756099999212893,0.013474899998982437,0.013474899998982437,1.803958299999067,space,1.784464799999114,None,,,,,,,,,,,,,,,,,,,,,,,,,,,,,,,,,,,,,,,,,,,,,,,,,,,,,,,,,,,,,,,,,525859,001,2026-02-03_18h36.42.893,Full_PT,,2025.2.4,60.059987915612055,2026-02-03 18h36.43.574017 +0000,
,,,,,,,,,,,,,,,,,,,,,,,,,,,,,,,,,,,,,,,,,,,,1.8039936999994097,1.8153167999989819,2.815321199999744,3.649933799999417,space,0.8178183999989415,None,,,,,,,,,,,,,,,,,,,,,,,,,,,,,,,,,,,,,,,,,,,,,,,,,,,,,,,,,,525859,001,2026-02-03_18h36.42.893,Full_PT,,2025.2.4,60.059987915612055,2026-02-03 18h36.43.574017 +0000,
,,,,,,,,,,,,,,,,,,,,,,,,,,,,,,,,,,,,,,,,,,,,,,,,,,,3.6500659000012092,3.665721299999859,4.665962999999465,4.683395700001711,space,0.014205900002707494,None,,,,,,,,,,,,,,,,,,,,,,,,,,,,,,,,,,,,,,,,,,,,,,,,,,,525859,001,2026-02-03_18h36.42.893,Full_PT,,2025.2.4,60.059987915612055,2026-02-03 18h36.43.574017 +0000,
1,Scenes_Dataset/movie_theater_A.jpg,"(600, 364)",Objects_Dataset/movie_reels.jpg,"(350, 268)","(250, -200)",congruent,Objects_Dataset/3d_glasses.jpg,"(300, 300)","(250, 200)",Scenes_Dataset/building_entrance_A.jpg,"(600, 400)",0,0,0,3.0,3.3753066999997827,,,,,,,0,0,0,0,,,,,,,,,4.730495600000722,,,,,,,,,,,,,,,,,,,,,,,4.724955599998793,4.730495600000722,4.730495600000722,7.220067500002187,7.220067500002187,8.116652500000782,3.0,3.3753066999997827,8.116696600001887,8.131646699999692,10.38223310000103,10.38223310000103,10.640985699999874,10.6159004000001,,,,,,,,,,,,,,,,,,,,,,,,,,,,,,,,,,,,,525859,001,2026-02-03_18h36.42.893,Full_PT,,2025.2.4,60.059987915612055,2026-02-03 18h36.43.574017 +0000,
2,Scenes_Dataset/museum_A.jpg,"(600, 337)",Objects_Dataset/picnic_towel.jpg,"(300, 300)","(250, 200)",incongruent,Objects_Dataset/fluorescent_bracelets.jpg,"(300, 300)","(250, -200)",Scenes_Dataset/boat_interior_A.jpg,"(600, 400)",1,1,0,3.0,4.514538600000378,,,,,,,0,1,1,1,,,,,,,,,10.640985699999874,,,,,,,,,,,,,,,,,,,,,,,10.636159199999383,10.640985699999874,10.640985699999874,13.115885499999422,13.115885499999422,15.167043100002047,3.0,4.514538600000378,15.167087800000445,15.182016300001123,17.432787699999608,17.432787699999608,17.68190450000111,17.665526600001613,,,,,,,,,,,,,,,,,,,,,,,,,,,,,,,,,,,,,525859,001,2026-02-03_18h36.42.893,Full_PT,,2025.2.4,60.059987915612055,2026-02-03 18h36.43.574017 +0000,
,,,,,,,,,,,,,,,,,,,,,,,,,,,,,,,,,,,,,,,,,,,,,,,,,,,,,,,,,,,,,,,,,,,,,,,,17.66562999999951,17.68190450000111,19.16623360000085,19.16623360000085,19.18255169999975,20.78388780000023,space,1.6084319000001415,None,,,,,,,,,,,,,,,,,,,,,,,,,,,,525859,001,2026-02-03_18h36.42.893,Full_PT,,2025.2.4,60.059987915612055,2026-02-03 18h36.43.574017 +0000,
,Scenes_Dataset/vegetable_garden_A.jpg,"(600, 399)",Objects_Dataset/mannequin.jpg,"(340, 400)","(300, -200)",Incongruent,Objects_Dataset/ballet_shoe.jpg,"(300, 300)","(300, 200)",,,0,0,0,,,24,3.0,3.745352299996739,,,,,,,,0,0,0,23,,,,,20.844096000000718,,,,,,,,,,,,,,,,,,,,,,,,,,,,,,,24.60038480000003,24.616611500001454,26.866302200000064,26.866302200000064,27.117001800001162,27.099975900000572,,,,,,,,,,20.83910630000173,20.844096000000718,20.844096000000718,23.28489619999891,23.28489619999891,24.600337500000023,3.0,3.745352299996739,,,,,,,,,,,,,,,,,,,,525859,001,2026-02-03_18h36.42.893,Full_PT,,2025.2.4,60.059987915612055,2026-02-03 18h36.43.574017 +0000,
,Scenes_Dataset/classroom_A.jpg,"(600, 450)",Objects_Dataset/set_square.jpg,"(300, 182)","(300, 200)",Congruent,Objects_Dataset/drawing_compass.jpg,"(111, 300)","(300, -200)",,,1,1,0,,,56,3.0,3.6080044000009366,,,,,,,,0,1,1,55,,,,,27.117001800001162,,,,,,,,,,,,,,,,,,,,,,,,,,,,,,,30.73415169999862,30.749862299999222,32.98337530000208,32.99999150000076,33.234063799998694,33.21764719999919,,,,,,,,,,27.110068099998898,27.117001800001162,27.117001800001162,29.59954110000035,29.59954110000035,30.7341047000009,3.0,3.6080044000009366,,,,,,,,,,,,,,,,,,,,525859,001,2026-02-03_18h36.42.893,Full_PT,,2025.2.4,60.059987915612055,2026-02-03 18h36.43.574017 +0000,
,Scenes_Dataset/palace_interior_A.jpg,"(600, 447)",Objects_Dataset/crown.jpg,"(300, 249)","(300, -200)",Congruent,Objects_Dataset/throne.jpg,"(234, 350)","(300, 200)",,,2,2,0,,,30,3.0,3.1564614999988407,,,,,,,,0,2,2,29,,,,,33.234063799998694,,,,,,,,,,,,,,,,,,,,,,,,,,,,,,,36.4012475999989,36.41723289999936,38.667060600000696,38.667060600000696,38.92387130000134,38.90063010000085,,,,,,,,,,33.22850710000057,33.234063799998694,33.234063799998694,35.74235740000222,35.74235740000222,36.40120100000058,3.0,3.1564614999988407,,,,,,,,,,,,,,,,,,,,525859,001,2026-02-03_18h36.42.893,Full_PT,,2025.2.4,60.059987915612055,2026-02-03 18h36.43.574017 +0000,
,Scenes_Dataset/campsite_A.jpg,"(600, 402)",Objects_Dataset/hotel_bell.jpg,"(171, 200)","(300, 200)",Incongruent,Objects_Dataset/door_mat.jpg,"(300, 300)","(300, -200)",,,3,3,0,,,44,3.0,3.883050100001128,,,,,,,,0,3,3,43,,,,,38.92387130000134,,,,,,,,,,,,,,,,,,,,,,,,,,,,,,,42.81796630000099,42.834111200001644,45.08412390000012,45.08412390000012,45.33552749999944,45.317585699998745,,,,,,,,,,38.91875979999895,38.92387130000134,38.92387130000134,41.41401910000059,41.41401910000059,42.817916299998615,3.0,3.883050100001128,,,,,,,,,,,,,,,,,,,,525859,001,2026-02-03_18h36.42.893,Full_PT,,2025.2.4,60.059987915612055,2026-02-03 18h36.43.574017 +0000,
,Scenes_Dataset/pool_A.jpg,"(600, 494)",Objects_Dataset/bikini.jpg,"(350, 350)","(300, 200)",Congruent,Objects_Dataset/swim_shorts.jpg,"(300, 300)","(300, -200)",,,4,4,0,,,48,3.0,2.991708599998674,,,,,,,,0,4,4,47,,,,,45.33552749999944,,,,,,,,,,,,,,,,,,,,,,,,,,,,,,,48.33519009999873,48.35107540000172,50.58432410000023,50.6009879000012,50.83748760000162,50.81805190000159,,,,,,,,,,45.32745950000026,45.33552749999944,45.33552749999944,47.817337399999815,47.817337399999815,48.335143000000244,3.0,2.991708599998674,,,,,,,,,,,,,,,,,,,,525859,001,2026-02-03_18h36.42.893,Full_PT,,2025.2.4,60.059987915612055,2026-02-03 18h36.43.574017 +0000,
,Scenes_Dataset/jewelery_A.jpg,"(600, 398)",Objects_Dataset/ring.jpg,"(128, 150)","(300, 200)",Congruent,Objects_Dataset/jewelry_box.jpg,"(267, 300)","(300, -200)",,,5,5,0,,,41,3.0,2.9370730000009644,,,,,,,,0,5,5,40,,,,,50.83748760000162,,,,,,,,,,,,,,,,,,,,,,,,,,,,,,,53.78487020000102,53.800888300000224,56.034755500000756,56.05167090000032,56.28548090000186,56.268536600000516,,,,,,,,,,50.8319874000008,50.83748760000162,50.83748760000162,53.33478280000054,53.33478280000054,53.7848242,3.0,2.9370730000009644,,,,,,,,,,,,,,,,,,,,525859,001,2026-02-03_18h36.42.893,Full_PT,,2025.2.4,60.059987915612055,2026-02-03 18h36.43.574017 +0000,
,Scenes_Dataset/playground_A.jpg,"(600, 337)",Objects_Dataset/wine_cork.jpg,"(250, 163)","(300, 200)",Incongruent,Objects_Dataset/bible.jpg,"(300, 248)","(300, -200)",,,6,6,0,,,47,3.0,3.4588041999995767,,,,,,,,0,6,6,46,,,,,56.28548090000186,,,,,,,,,,,,,,,,,,,,,,,,,,,,,,,59.752251599999,59.76822480000192,62.00195170000006,62.01865149999867,62.25246200000038,62.23576909999974,,,,,,,,,,56.277344000001904,56.28548090000186,56.28548090000186,58.79622190000009,58.79622190000009,59.75220460000128,3.0,3.4588041999995767,,,,,,,,,,,,,,,,,,,,525859,001,2026-02-03_18h36.42.893,Full_PT,,2025.2.4,60.059987915612055,2026-02-03 18h36.43.574017 +0000,
,Scenes_Dataset/kitchen_A.jpg,"(600, 450)",Objects_Dataset/desk_microphone.jpg,"(300, 300)","(300, -200)",Incongruent,Objects_Dataset/tennis_ball.jpg,"(200, 200)","(300, 200)",,,7,7,0,,,11,3.0,4.423095600002853,,,,,,,,0,7,7,10,,,,,62.25246200000038,,,,,,,,,,,,,,,,,,,,,,,,,,,,,,,66.68624519999867,66.70159780000176,68.93562490000113,68.95189709999977,69.18607070000144,69.1696923999989,,,,,,,,,,62.24648330000127,62.25246200000038,62.25246200000038,64.7520446999988,64.7520446999988,66.68619559999934,3.0,4.423095600002853,,,,,,,,,,,,,,,,,,,,525859,001,2026-02-03_18h36.42.893,Full_PT,,2025.2.4,60.059987915612055,2026-02-03 18h36.43.574017 +0000,
,Scenes_Dataset/garden_A.jpg,"(600, 446)",Objects_Dataset/saline.jpg,"(300, 225)","(300, 200)",Incongruent,Objects_Dataset/soap_dispenser.jpg,"(300, 300)","(300, -200)",,,8,8,0,,,31,3.0,4.022403099999792,,,,,,,,0,8,8,30,,,,,69.18607070000144,,,,,,,,,,,,,,,,,,,,,,,,,,,,,,,73.22023230000195,73.23541839999962,75.46929060000184,75.48599250000188,75.71977740000148,75.70265759999893,,,,,,,,,,69.18095810000159,69.18607070000144,69.18607070000144,71.68520699999863,71.68520699999863,73.22018450000178,3.0,4.022403099999792,,,,,,,,,,,,,,,,,,,,525859,001,2026-02-03_18h36.42.893,Full_PT,,2025.2.4,60.059987915612055,2026-02-03 18h36.43.574017 +0000,
,Scenes_Dataset/toilet_A.jpg,"(600, 450)",Objects_Dataset/soap.jpg,"(300, 191)","(300, 200)",Congruent,Objects_Dataset/toothbrush.jpg,"(300, 215)","(300, -200)",,,9,9,0,,,60,3.0,3.309628700000758,,,,,,,,0,9,9,59,,,,,75.71977740000148,,,,,,,,,,,,,,,,,,,,,,,,,,,,,,,79.03700880000179,79.05295730000216,81.28648439999961,81.30312169999888,81.5369778000022,81.52034099999946,,,,,,,,,,75.71118660000138,75.73651220000102,75.73651220000102,78.21916200000123,78.21916200000123,79.03696150000178,3.0,3.309628700000758,,,,,,,,,,,,,,,,,,,,525859,001,2026-02-03_18h36.42.893,Full_PT,,2025.2.4,60.059987915612055,2026-02-03 18h36.43.574017 +0000,
,Scenes_Dataset/soccer_stadium_A.jpg,"(600, 400)",Objects_Dataset/soccer_ball.jpg,"(200, 194)","(300, -200)",Congruent,Objects_Dataset/football_boots.jpg,"(300, 300)","(300, 200)",,,10,10,0,,,19,3.0,3.141884399999981,,,,,,,,0,10,10,18,,,,,81.5369778000022,,,,,,,,,,,,,,,,,,,,,,,,,,,,,,,84.68704020000223,84.70297420000134,86.93674119999923,86.95340370000122,87.18717209999886,87.17012940000131,,,,,,,,,,81.528816500002,81.5369778000022,81.5369778000022,84.03656649999903,84.03656649999903,84.68699220000053,3.0,3.141884399999981,,,,,,,,,,,,,,,,,,,,525859,001,2026-02-03_18h36.42.893,Full_PT,,2025.2.4,60.059987915612055,2026-02-03 18h36.43.574017 +0000,
,Scenes_Dataset/basketball_field_A.jpg,"(600, 399)",Objects_Dataset/basketball.jpg,"(282, 300)","(300, -200)",Congruent,Objects_Dataset/whistle.jpg,"(200, 151)","(300, 200)",,,11,11,0,,,4,3.0,3.12797529999807,,,,,,,,0,11,11,3,,,,,87.18717209999886,,,,,,,,,,,,,,,,,,,,,,,,,,,,,,,90.31996119999894,90.33634059999895,92.56997480000064,92.58668029999899,92.82079499999963,92.8033233999995,,,,,,,,,,87.17570479999995,87.18717209999886,87.18717209999886,89.68633520000003,89.68633520000003,90.31991199999902,3.0,3.12797529999807,,,,,,,,,,,,,,,,,,,,525859,001,2026-02-03_18h36.42.893,Full_PT,,2025.2.4,60.059987915612055,2026-02-03 18h36.43.574017 +0000,
,Scenes_Dataset/island_A.jpg,"(600, 420)",Objects_Dataset/cork_showcase.jpg,"(300, 255)","(300, -200)",Incongruent,Objects_Dataset/suit_vest.jpg,"(194, 300)","(300, 200)",,,12,12,0,,,27,3.0,3.7121975000009115,,,,,,,,0,12,12,26,,,,,92.82079499999963,,,,,,,,,,,,,,,,,,,,,,,,,,,,,,,96.53736769999887,96.55358270000215,98.78675060000023,98.80391059999965,99.03766040000119,99.0206861000006,,,,,,,,,,92.80870209999921,92.82079499999963,92.82079499999963,95.32151019999947,95.32151019999947,96.53732039999886,3.0,3.7121975000009115,,,,,,,,,,,,,,,,,,,,525859,001,2026-02-03_18h36.42.893,Full_PT,,2025.2.4,60.059987915612055,2026-02-03 18h36.43.574017 +0000,
,Scenes_Dataset/athletics_track_A.jpg,"(600, 450)",Objects_Dataset/stopwatch.jpg,"(184, 250)","(300, 200)",Congruent,Objects_Dataset/athletics_barrier.jpg,"(350, 280)","(300, -200)",,,13,13,0,,,49,3.0,3.493577199998981,,,,,,,,0,13,13,48,,,,,99.03766040000119,,,,,,,,,,,,,,,,,,,,,,,,,,,,,,,102.53823380000176,102.5544403999993,104.80360139999902,104.8202569999994,105.05757900000026,105.03743359999862,,,,,,,,,,99.02893570000015,99.03766040000119,99.03766040000119,101.53678170000057,101.53678170000057,102.53818740000133,3.0,3.493577199998981,,,,,,,,,,,,,,,,,,,,525859,001,2026-02-03_18h36.42.893,Full_PT,,2025.2.4,60.059987915612055,2026-02-03 18h36.43.574017 +0000,
,Scenes_Dataset/car_interior_A.jpg,"(600, 389)",Objects_Dataset/car_key.jpg,"(300, 125)","(300, -200)",Congruent,Objects_Dataset/car_freshener.jpg,"(277, 300)","(300, 200)",,,14,14,0,,,29,3.0,3.5695194999971136,,,,,,,,0,14,14,28,,,,,105.05757900000026,,,,,,,,,,,,,,,,,,,,,,,,,,,,,,,108.63836929999889,108.65438319999885,110.88771160000033,110.90461860000141,111.13739480000004,111.12084070000128,,,,,,,,,,105.05228150000039,105.05757900000026,105.05757900000026,107.5371406000013,107.5371406000013,108.638321800001,3.0,3.5695194999971136,,,,,,,,,,,,,,,,,,,,525859,001,2026-02-03_18h36.42.893,Full_PT,,2025.2.4,60.059987915612055,2026-02-03 18h36.43.574017 +0000,
,Scenes_Dataset/church_A.jpg,"(600, 403)",Objects_Dataset/magic_cube.jpg,"(300, 300)","(300, -200)",Incongruent,Objects_Dataset/colander.jpg,"(191, 250)","(300, 200)",,,15,15,0,,,26,3.0,3.194589199996699,,,,,,,,0,15,15,25,,,,,111.13739480000004,,,,,,,,,,,,,,,,,,,,,,,,,,,,,,,114.33904719999919,114.35497060000125,116.58797290000075,116.60472700000173,116.83918510000149,116.82175049999933,,,,,,,,,,111.12820769999962,111.15495229999942,111.15495229999942,113.637627600001,113.637627600001,114.33900089999952,3.0,3.194589199996699,,,,,,,,,,,,,,,,,,,,525859,001,2026-02-03_18h36.42.893,Full_PT,,2025.2.4,60.059987915612055,2026-02-03 18h36.43.574017 +0000,
,Scenes_Dataset/igloo_A.jpg,"(600, 450)",Objects_Dataset/sandal.jpg,"(300, 225)","(300, -200)",Incongruent,Objects_Dataset/parking_meter.jpg,"(200, 300)","(300, 200)",,,16,16,0,,,25,3.0,3.192431799998303,,,,,,,,0,16,16,24,,,,,116.83918510000149,,,,,,,,,,,,,,,,,,,,,,,,,,,,,,,120.03932350000105,120.05525130000024,122.30510829999912,122.30510829999912,122.55553499999951,122.5386467999997,,,,,,,,,,116.8305732000008,116.83918510000149,116.83918510000149,119.33787279999888,119.33787279999888,120.03927580000163,3.0,3.192431799998303,,,,,,,,,,,,,,,,,,,,525859,001,2026-02-03_18h36.42.893,Full_PT,,2025.2.4,60.059987915612055,2026-02-03 18h36.43.574017 +0000,
,Scenes_Dataset/balcony.jpg,"(600, 450)",Objects_Dataset/handcuffs.jpg,"(300, 183)","(300, -200)",Incongruent,Objects_Dataset/staple_puller.jpg,"(200, 200)","(300, 200)",,,17,17,0,,,15,3.0,3.6409926999986055,,,,,,,,0,17,17,14,,,,,122.55553499999951,,,,,,,,,,,,,,,,,,,,,,,,,,,,,,,126.20627610000156,126.2223339000011,128.4555306000002,128.47242670000196,128.71687640000164,128.68967429999975,,,,,,,,,,122.54929909999919,122.55553499999951,122.55553499999951,125.03824249999889,125.03824249999889,126.20622740000181,3.0,3.6409926999986055,,,,,,,,,,,,,,,,,,,,525859,001,2026-02-03_18h36.42.893,Full_PT,,2025.2.4,60.059987915612055,2026-02-03 18h36.43.574017 +0000,
,Scenes_Dataset/underwater_A.jpg,"(600, 450)",Objects_Dataset/diving_mask.jpg,"(300, 197)","(300, -200)",Congruent,Objects_Dataset/snorkeling_tube.jpg,"(251, 300)","(300, 200)",,,18,18,0,,,12,3.0,3.611711199999263,,,,,,,,0,18,18,11,,,,,128.71687640000164,,,,,,,,,,,,,,,,,,,,,,,,,,,,,,,132.33948500000042,132.35534819999884,134.58927849999964,134.60612010000114,134.84008679999897,134.82271860000037,,,,,,,,,,128.7119343000013,128.71687640000164,128.71687640000164,131.20575019999887,131.20575019999887,132.339437300001,3.0,3.611711199999263,,,,,,,,,,,,,,,,,,,,525859,001,2026-02-03_18h36.42.893,Full_PT,,2025.2.4,60.059987915612055,2026-02-03 18h36.43.574017 +0000,
,Scenes_Dataset/waves.jpg,"(600, 450)",Objects_Dataset/surf_board.jpg,"(114, 350)","(300, 200)",Congruent,Objects_Dataset/surf_suit.jpg,"(256, 350)","(300, -200)",,,19,19,0,,,40,3.0,3.4589185000004363,,,,,,,,0,19,19,39,,,,,134.84008679999897,,,,,,,,,,,,,,,,,,,,,,,,,,,,,,,138.30701599999884,138.3221588999986,140.55630269999892,140.57299260000218,140.80697299999883,140.79021139999895,,,,,,,,,,134.83194849999927,134.84008679999897,134.84008679999897,137.33941250000134,137.33941250000134,138.30696929999976,3.0,3.4589185000004363,,,,,,,,,,,,,,,,,,,,525859,001,2026-02-03_18h36.42.893,Full_PT,,2025.2.4,60.059987915612055,2026-02-03 18h36.43.574017 +0000,
,Scenes_Dataset/beach_A.jpg,"(600, 450)",Objects_Dataset/beach_umbrella.jpg,"(266, 300)","(300, 200)",Congruent,Objects_Dataset/whelk.jpg,"(250, 143)","(300, -200)",,,20,20,0,,,50,3.0,3.5073247000000265,,,,,,,,0,20,20,49,,,,,140.80697299999883,,,,,,,,,,,,,,,,,,,,,,,,,,,,,,,144.32410460000028,144.33998470000006,146.58994840000014,146.58994840000014,146.84080819999872,146.8240549000002,,,,,,,,,,140.80049259999942,140.80697299999883,140.80697299999883,143.3062581000013,143.3062581000013,144.32405800000197,3.0,3.5073247000000265,,,,,,,,,,,,,,,,,,,,525859,001,2026-02-03_18h36.42.893,Full_PT,,2025.2.4,60.059987915612055,2026-02-03 18h36.43.574017 +0000,
,Scenes_Dataset/laundry_A.jpg,"(600, 408)",Objects_Dataset/laundry_basket.jpg,"(300, 225)","(300, 200)",Congruent,Objects_Dataset/laundry_detergent.jpg,"(186, 264)","(300, -200)",,,21,21,0,,,34,3.0,3.1754225000004226,,,,,,,,0,21,21,33,,,,,146.84080819999872,,,,,,,,,,,,,,,,,,,,,,,,,,,,,,,150.0243999000013,150.04031290000057,152.2734156000006,152.29009080000105,152.52444159999868,152.50743090000105,,,,,,,,,,146.8329268999987,146.84080819999872,146.84080819999872,149.32278959999894,149.32278959999894,150.02435250000053,3.0,3.1754225000004226,,,,,,,,,,,,,,,,,,,,525859,001,2026-02-03_18h36.42.893,Full_PT,,2025.2.4,60.059987915612055,2026-02-03 18h36.43.574017 +0000,
,Scenes_Dataset/restaurant_A.jpg,"(600, 400)",Objects_Dataset/plate.jpg,"(300, 117)","(300, 200)",Congruent,Objects_Dataset/fork.jpg,"(300, 180)","(300, -200)",,,22,22,0,,,53,3.0,3.4420848000008846,,,,,,,,0,22,22,52,,,,,152.52444159999868,,,,,,,,,,,,,,,,,,,,,,,,,,,,,,,155.9740841999992,155.9903880999991,158.22413750000123,158.2405593000003,158.4747720000014,158.45765029999893,,,,,,,,,,152.5157861000007,152.52444159999868,152.52444159999868,155.0233967000022,155.0233967000022,155.9740368999992,3.0,3.4420848000008846,,,,,,,,,,,,,,,,,,,,525859,001,2026-02-03_18h36.42.893,Full_PT,,2025.2.4,60.059987915612055,2026-02-03 18h36.43.574017 +0000,
,Scenes_Dataset/forest_A.jpg,"(600, 375)",Objects_Dataset/poker_chips.jpg,"(350, 119)","(300, -200)",Incongruent,Objects_Dataset/bathrobe.jpg,"(350, 350)","(300, 200)",,,23,23,0,,,22,3.0,3.1618541999996523,,,,,,,,0,23,23,21,,,,,158.4747720000014,,,,,,,,,,,,,,,,,,,,,,,,,,,,,,,161.64141010000094,161.6575159999993,163.90687489999982,163.90687489999982,164.1583047999993,164.1416575000003,,,,,,,,,,158.46253269999943,158.4747720000014,158.4747720000014,160.98773989999972,160.98773989999972,161.64136169999983,3.0,3.1618541999996523,,,,,,,,,,,,,,,,,,,,525859,001,2026-02-03_18h36.42.893,Full_PT,,2025.2.4,60.059987915612055,2026-02-03 18h36.43.574017 +0000,
,Scenes_Dataset/waiting_room_A.jpg,"(600, 450)",Objects_Dataset/swiss_army_knife.jpg,"(300, 214)","(300, 200)",Incongruent,Objects_Dataset/padlock.jpg,"(300, 153)","(300, -200)",,,24,24,0,,,57,3.0,3.4405168000012054,,,,,,,,0,24,24,56,,,,,164.1583047999993,,,,,,,,,,,,,,,,,,,,,,,,,,,,,,,167.6087331000017,167.6246831999997,169.85786559999906,169.87438509999993,170.10856240000066,170.0921077999992,,,,,,,,,,164.15190710000024,164.1583047999993,164.1583047999993,166.65514710000207,166.65514710000207,167.60868409999966,3.0,3.4405168000012054,,,,,,,,,,,,,,,,,,,,525859,001,2026-02-03_18h36.42.893,Full_PT,,2025.2.4,60.059987915612055,2026-02-03 18h36.43.574017 +0000,
,Scenes_Dataset/trash_A.jpg,"(600, 424)",Objects_Dataset/mortar.jpg,"(273, 300)","(300, 200)",Incongruent,Objects_Dataset/light_switch.jpg,"(250, 250)","(300, -200)",,,25,25,0,,,35,3.0,3.257118499997887,,,,,,,,0,25,25,34,,,,,170.10856240000066,,,,,,,,,,,,,,,,,,,,,,,,,,,,,,,173.3757312000016,173.39170640000157,175.64171669999996,175.64171669999996,175.8918636999988,175.8751682000002,,,,,,,,,,170.10240429999976,170.10856240000066,170.10856240000066,172.6083632000009,172.6083632000009,173.3756835000022,3.0,3.257118499997887,,,,,,,,,,,,,,,,,,,,525859,001,2026-02-03_18h36.42.893,Full_PT,,2025.2.4,60.059987915612055,2026-02-03 18h36.43.574017 +0000,
,Scenes_Dataset/skate_park_A.jpg,"(600, 450)",Objects_Dataset/fan.jpg,"(350, 350)","(300, 200)",Incongruent,Objects_Dataset/ladder.jpg,"(241, 400)","(300, -200)",,,26,26,0,,,45,3.0,3.8598710000005667,,,,,,,,0,26,26,44,,,,,175.8918636999988,,,,,,,,,,,,,,,,,,,,,,,,,,,,,,,179.75876939999944,179.77505070000188,182.00879590000113,182.0254332000004,182.27526040000157,182.25806840000223,,,,,,,,,,175.88262160000158,175.8918636999988,175.8918636999988,178.37509150000187,178.37509150000187,179.75872230000095,3.0,3.8598710000005667,,,,,,,,,,,,,,,,,,,,525859,001,2026-02-03_18h36.42.893,Full_PT,,2025.2.4,60.059987915612055,2026-02-03 18h36.43.574017 +0000,
,Scenes_Dataset/road_A.jpg,"(600, 450)",Objects_Dataset/locker.jpg,"(264, 400)","(300, -200)",Incongruent,Objects_Dataset/domino_piece.jpg,"(200, 174)","(300, 200)",,,27,27,0,,,20,3.0,2.962509000000864,,,,,,,,0,27,27,19,,,,,182.27526040000157,,,,,,,,,,,,,,,,,,,,,,,,,,,,,,,185.24291380000068,185.25802320000003,187.49206380000032,187.50881630000003,187.7521611000011,187.72638930000176,,,,,,,,,,182.26441700000214,182.27526040000157,182.27526040000157,184.75906300000133,184.75906300000133,185.24286679999932,3.0,2.962509000000864,,,,,,,,,,,,,,,,,,,,525859,001,2026-02-03_18h36.42.893,Full_PT,,2025.2.4,60.059987915612055,2026-02-03 18h36.43.574017 +0000,
,Scenes_Dataset/closet_A.jpg,"(600, 400)",Objects_Dataset/trash_can.jpg,"(225, 300)","(300, 200)",Incongruent,Objects_Dataset/plastic_bag.jpg,"(350, 197)","(300, -200)",,,28,28,0,,,54,3.0,3.0964587000016763,,,,,,,,0,28,28,53,,,,,187.7521611000011,,,,,,,,,,,,,,,,,,,,,,,,,,,,,,,190.85989849999896,190.87591729999986,193.10924299999897,193.12576420000187,193.36923269999897,193.34335009999995,,,,,,,,,,187.7472353000012,187.7521611000011,187.7521611000011,190.2553981000019,190.2553981000019,190.8598509000003,3.0,3.0964587000016763,,,,,,,,,,,,,,,,,,,,525859,001,2026-02-03_18h36.42.893,Full_PT,,2025.2.4,60.059987915612055,2026-02-03 18h36.43.574017 +0000,
,Scenes_Dataset/mountain_A.jpg,"(600, 379)",Objects_Dataset/swimming_arm_bands.jpg,"(300, 300)","(300, 200)",Incongruent,Objects_Dataset/thimble.jpg,"(124, 150)","(300, -200)",,,29,29,0,,,37,3.0,3.1128349999999045,,,,,,,,0,29,29,36,,,,,193.36923269999897,,,,,,,,,,,,,,,,,,,,,,,,,,,,,,,196.4934491999993,196.50947040000028,198.7429516000011,198.75962100000106,198.99386080000113,198.9767982000012,,,,,,,,,,193.3642531000005,193.36923269999897,193.36923269999897,195.85958279999977,195.85958279999977,196.49340279999888,3.0,3.1128349999999045,,,,,,,,,,,,,,,,,,,,525859,001,2026-02-03_18h36.42.893,Full_PT,,2025.2.4,60.059987915612055,2026-02-03 18h36.43.574017 +0000,
,Scenes_Dataset/hair_salon_A.jpg,"(600, 451)",Objects_Dataset/megaphone.jpg,"(300, 257)","(300, 200)",Incongruent,Objects_Dataset/water_bottle.jpg,"(350, 222)","(300, -200)",,,30,30,0,,,51,3.0,3.459308500001498,,,,,,,,0,30,30,50,,,,,198.99386080000113,,,,,,,,,,,,,,,,,,,,,,,,,,,,,,,202.45966920000137,202.4766595000001,204.70995219999895,204.72661940000035,204.96071270000175,204.94384189999982,,,,,,,,,,198.98500369999965,198.99386080000113,198.99386080000113,201.49359209999966,201.49359209999966,202.45960750000086,3.0,3.459308500001498,,,,,,,,,,,,,,,,,,,,525859,001,2026-02-03_18h36.42.893,Full_PT,,2025.2.4,60.059987915612055,2026-02-03 18h36.43.574017 +0000,
,Scenes_Dataset/tree_house.jpg,"(600, 375)",Objects_Dataset/defibrillator_paddles.jpg,"(350, 223)","(300, -200)",Incongruent,Objects_Dataset/pedestal_column.jpg,"(155, 300)","(300, 200)",,,31,31,0,,,5,3.0,3.1086720999992394,,,,,,,,0,31,31,4,,,,,204.96071270000175,,,,,,,,,,,,,,,,,,,,,,,,,,,,,,,208.0777194000002,208.09359140000015,210.34335750000173,210.34335750000173,210.59418469999946,210.57698040000105,,,,,,,,,,204.95249049999984,204.96071270000175,204.96071270000175,207.45958120000068,207.45958120000068,208.07767380000223,3.0,3.1086720999992394,,,,,,,,,,,,,,,,,,,,525859,001,2026-02-03_18h36.42.893,Full_PT,,2025.2.4,60.059987915612055,2026-02-03 18h36.43.574017 +0000,
,Scenes_Dataset/stationary_store_A.jpg,"(600, 370)",Objects_Dataset/scissors.jpg,"(300, 145)","(300, 200)",Congruent,Objects_Dataset/stapler.jpg,"(250, 178)","(300, -200)",,,32,32,0,,,43,3.0,4.293761599998106,,,,,,,,0,32,32,42,,,,,210.59418469999946,,,,,,,,,,,,,,,,,,,,,,,,,,,,,,,214.89470190000065,214.91046819999974,217.14334840000083,217.1604131999993,217.3937021999991,217.3769702999998,,,,,,,,,,210.58470709999892,210.59418469999946,210.59418469999946,213.07652189999862,213.07652189999862,214.89465439999913,3.0,4.293761599998106,,,,,,,,,,,,,,,,,,,,525859,001,2026-02-03_18h36.42.893,Full_PT,,2025.2.4,60.059987915612055,2026-02-03 18h36.43.574017 +0000,
,Scenes_Dataset/savannah_A.jpg,"(600, 402)",Objects_Dataset/eskimo_coat.jpg,"(300, 300)","(300, 200)",Incongruent,Objects_Dataset/brown_adhesive_tape.jpg,"(250, 190)","(300, -200)",,,33,33,0,,,59,3.0,3.7791905000012775,,,,,,,,0,33,33,58,,,,,217.3937021999991,,,,,,,,,,,,,,,,,,,,,,,,,,,,,,,221.17791399999987,221.1941881999992,223.42741250000108,223.44446809999863,223.67819550000058,223.66172780000124,,,,,,,,,,217.38317359999928,217.41072740000163,217.41072740000163,219.89376900000207,219.89376900000207,221.17786640000122,3.0,3.7791905000012775,,,,,,,,,,,,,,,,,,,,525859,001,2026-02-03_18h36.42.893,Full_PT,,2025.2.4,60.059987915612055,2026-02-03 18h36.43.574017 +0000,
,Scenes_Dataset/circus_A.jpg,"(600, 421)",Objects_Dataset/clown_nose.jpg,"(300, 142)","(300, -200)",Congruent,Objects_Dataset/unicycle.jpg,"(159, 300)","(300, 200)",,,34,34,0,,,8,3.0,2.9574843000009423,,,,,,,,0,34,34,7,,,,,223.67819550000058,,,,,,,,,,,,,,,,,,,,,,,,,,,,,,,226.6451421999991,226.66126970000187,228.89463610000166,228.9112341,229.14737669999886,229.1281846999991,,,,,,,,,,223.67199690000052,223.67819550000058,223.67819550000058,226.19100700000126,226.19100700000126,226.64509499999986,3.0,2.9574843000009423,,,,,,,,,,,,,,,,,,,,525859,001,2026-02-03_18h36.42.893,Full_PT,,2025.2.4,60.059987915612055,2026-02-03 18h36.43.574017 +0000,
,Scenes_Dataset/clinic_A.jpg,"(600, 400)",Objects_Dataset/miners_cap.jpg,"(300, 300)","(300, -200)",Incongruent,Objects_Dataset/juggling_balls.jpg,"(350, 197)","(300, 200)",,,35,35,0,,,10,3.0,2.9202599999989616,,,,,,,,0,35,35,9,,,,,229.14737669999886,,,,,,,,,,,,,,,,,,,,,,,,,,,,,,,232.0784616000019,232.09466950000206,234.32789129999946,234.34469960000206,234.57912950000173,234.56169249999948,,,,,,,,,,229.1420094999994,229.14737669999886,229.14737669999886,231.65887030000158,231.65887030000158,232.07841410000037,3.0,2.9202599999989616,,,,,,,,,,,,,,,,,,,,525859,001,2026-02-03_18h36.42.893,Full_PT,,2025.2.4,60.059987915612055,2026-02-03 18h36.43.574017 +0000,
,Scenes_Dataset/toy_store_A.jpg,"(600, 399)",Objects_Dataset/belt.jpg,"(200, 162)","(300, 200)",Incongruent,Objects_Dataset/watch.jpg,"(300, 273)","(300, -200)",,,36,36,0,,,36,3.0,3.2106396999988647,,,,,,,,0,36,36,35,,,,,234.57912950000173,,,,,,,,,,,,,,,,,,,,,,,,,,,,,,,237.79542610000135,237.81180809999933,240.04541619999873,240.0620884000018,240.30087640000056,240.27934660000028,,,,,,,,,,234.56863599999997,234.57912950000173,234.57912950000173,237.0779951000004,237.0779951000004,237.79537759999948,3.0,3.2106396999988647,,,,,,,,,,,,,,,,,,,,525859,001,2026-02-03_18h36.42.893,Full_PT,,2025.2.4,60.059987915612055,2026-02-03 18h36.43.574017 +0000,
,Scenes_Dataset/elevator_A.jpg,"(600, 450)",Objects_Dataset/elevator_buttons_panel.jpg,"(257, 300)","(300, -200)",Congruent,Objects_Dataset/surveillance_camera.jpg,"(300, 204)","(300, 200)",,,37,37,0,,,16,3.0,3.0497108999988995,,,,,,,,0,37,37,15,,,,,240.30087640000056,,,,,,,,,,,,,,,,,,,,,,,,,,,,,,,243.3629953999989,243.37899639999887,245.6124368000019,245.6287857999996,245.86955410000155,245.84616160000223,,,,,,,,,,240.29657660000157,240.30087640000056,240.30087640000056,242.79560050000146,242.79560050000146,243.36294719999933,3.0,3.0497108999988995,,,,,,,,,,,,,,,,,,,,525859,001,2026-02-03_18h36.42.893,Full_PT,,2025.2.4,60.059987915612055,2026-02-03 18h36.43.574017 +0000,
,Scenes_Dataset/bakery_A.jpg,"(600, 400)",Objects_Dataset/train_seats.jpg,"(300, 300)","(300, 200)",Incongruent,Objects_Dataset/beach_bucket.jpg,"(300, 300)","(300, -200)",,,38,38,0,,,42,3.0,3.115795000001526,,,,,,,,0,38,38,41,,,,,245.86955410000155,,,,,,,,,,,,,,,,,,,,,,,,,,,,,,,248.99568559999898,249.01260790000015,251.24567519999982,251.26244829999996,251.5036027999995,251.47997530000066,,,,,,,,,,245.86445710000044,245.86955410000155,245.86955410000155,248.3619733000014,248.3619733000014,248.99563839999973,3.0,3.115795000001526,,,,,,,,,,,,,,,,,,,,525859,001,2026-02-03_18h36.42.893,Full_PT,,2025.2.4,60.059987915612055,2026-02-03 18h36.43.574017 +0000,
,Scenes_Dataset/dentist_A.jpg,"(600, 400)",Objects_Dataset/dentist_mirror.jpg,"(300, 300)","(300, -200)",Congruent,Objects_Dataset/surgical_mask.jpg,"(300, 300)","(300, 200)",,,39,39,0,,,13,3.0,3.232674800001405,,,,,,,,0,39,39,12,,,,,251.5036027999995,,,,,,,,,,,,,,,,,,,,,,,,,,,,,,,254.7469740000015,254.76287159999993,257.0125865000009,257.0125865000009,257.26307950000046,257.24706869999864,,,,,,,,,,251.49821259999953,251.5036027999995,251.5036027999995,253.99557189999905,253.99557189999905,254.7469272999988,3.0,3.232674800001405,,,,,,,,,,,,,,,,,,,,525859,001,2026-02-03_18h36.42.893,Full_PT,,2025.2.4,60.059987915612055,2026-02-03 18h36.43.574017 +0000,
,Scenes_Dataset/airport_A.jpg,"(600, 338)",Objects_Dataset/suitcase.jpg,"(226, 350)","(300, -200)",Congruent,Objects_Dataset/luggage_cart.jpg,"(232, 300)","(300, 200)",,,40,40,0,,,1,3.0,3.3924836999976833,,,,,,,,0,40,40,0,,,,,257.26307950000046,,,,,,,,,,,,,,,,,,,,,,,,,,,,,,,260.66395380000176,260.67993879999995,262.91326219999974,262.9299546000002,263.16405250000025,263.14713290000145,,,,,,,,,,257.25543480000124,257.26307950000046,257.26307950000046,259.7490496999999,259.7490496999999,260.663906400001,3.0,3.3924836999976833,,,,,,,,,,,,,,,,,,,,525859,001,2026-02-03_18h36.42.893,Full_PT,,2025.2.4,60.059987915612055,2026-02-03 18h36.43.574017 +0000,
,Scenes_Dataset/vault_A.jpg,"(600, 400)",Objects_Dataset/banknotes.jpg,"(300, 154)","(300, -200)",Congruent,Objects_Dataset/gold_bar.jpg,"(300, 219)","(300, 200)",,,41,41,0,,,9,3.0,3.0249800000019604,,,,,,,,0,41,41,8,,,,,263.16405250000025,,,,,,,,,,,,,,,,,,,,,,,,,,,,,,,266.1975994000022,266.21292299999914,268.4469011000001,268.4635750000016,268.6975848000002,268.6806663999996,,,,,,,,,,263.1556539000012,263.16405250000025,263.16405250000025,265.66315960000065,265.66315960000065,266.1975515000013,3.0,3.0249800000019604,,,,,,,,,,,,,,,,,,,,525859,001,2026-02-03_18h36.42.893,Full_PT,,2025.2.4,60.059987915612055,2026-02-03 18h36.43.574017 +0000,
,Scenes_Dataset/desert_A.jpg,"(600, 375)",Objects_Dataset/cactus.jpg,"(300, 248)","(300, -200)",Congruent,Objects_Dataset/turban.jpg,"(300, 300)","(300, 200)",,,42,42,0,,,14,3.0,2.9587210999998206,,,,,,,,0,42,42,13,,,,,268.6975848000002,,,,,,,,,,,,,,,,,,,,,,,,,,,,,,,271.66418260000137,271.6799036000011,273.9135263999997,273.93049990000145,274.16473509999923,274.1479462999996,,,,,,,,,,268.689644099999,268.6975848000002,268.6975848000002,271.1963383000002,271.1963383000002,271.6641356,3.0,2.9587210999998206,,,,,,,,,,,,,,,,,,,,525859,001,2026-02-03_18h36.42.893,Full_PT,,2025.2.4,60.059987915612055,2026-02-03 18h36.43.574017 +0000,
,Scenes_Dataset/train_station_A.jpg,"(600, 415)",Objects_Dataset/hairdryer.jpg,"(250, 241)","(300, -200)",Incongruent,Objects_Dataset/hang_glider.jpg,"(450, 275)","(300, 200)",,,43,43,0,,,18,3.0,3.1584841000003507,,,,,,,,0,43,43,17,,,,,274.16473509999923,,,,,,,,,,,,,,,,,,,,,,,,,,,,,,,277.33156410000083,277.34755249999944,279.5973266000001,279.5973266000001,279.8546697999991,279.8311818000002,,,,,,,,,,274.15683530000024,274.16473509999923,274.16473509999923,276.6641722000022,276.6641722000022,277.33151759999964,3.0,3.1584841000003507,,,,,,,,,,,,,,,,,,,,525859,001,2026-02-03_18h36.42.893,Full_PT,,2025.2.4,60.059987915612055,2026-02-03 18h36.43.574017 +0000,
,Scenes_Dataset/snow_A.jpg,"(600, 375)",Objects_Dataset/rolling_pin.jpg,"(300, 300)","(300, 200)",Incongruent,Objects_Dataset/tie.jpg,"(259, 300)","(300, -200)",,,44,44,0,,,38,3.0,3.149427600001218,,,,,,,,0,44,44,37,,,,,279.8546697999991,,,,,,,,,,,,,,,,,,,,,,,,,,,,,,,283.01521969999885,283.0312221999993,285.281293,285.281293,285.53178320000006,285.5146757000002,,,,,,,,,,279.8496096000017,279.8546697999991,279.8546697999991,282.34245210000154,282.34245210000154,283.0151721000002,3.0,3.149427600001218,,,,,,,,,,,,,,,,,,,,525859,001,2026-02-03_18h36.42.893,Full_PT,,2025.2.4,60.059987915612055,2026-02-03 18h36.43.574017 +0000,
,Scenes_Dataset/laboratory_A.jpg,"(600, 400)",Objects_Dataset/pipette.jpg,"(300, 221)","(300, 200)",Congruent,Objects_Dataset/microscope.jpg,"(250, 300)","(300, -200)",,,45,45,0,,,33,3.0,3.246332500002609,,,,,,,,0,45,45,32,,,,,285.53178320000006,,,,,,,,,,,,,,,,,,,,,,,,,,,,,,,288.7821766999987,288.7977329999994,291.0479926000007,291.0479926000007,291.298976500002,291.28174919999947,,,,,,,,,,285.52046690000134,285.53178320000006,285.53178320000006,288.0141375000021,288.0141375000021,288.78212559999884,3.0,3.246332500002609,,,,,,,,,,,,,,,,,,,,525859,001,2026-02-03_18h36.42.893,Full_PT,,2025.2.4,60.059987915612055,2026-02-03 18h36.43.574017 +0000,
,Scenes_Dataset/sky_A.jpg,"(600, 398)",Objects_Dataset/battery.jpg,"(300, 188)","(300, -200)",Incongruent,Objects_Dataset/luggage_carrier_cart.jpg,"(214, 350)","(300, 200)",,,46,46,0,,,7,3.0,3.209602899998572,,,,,,,,0,46,46,6,,,,,291.298976500002,,,,,,,,,,,,,,,,,,,,,,,,,,,,,,,294.5152196000017,294.5318692000001,296.76500410000153,296.7815902000002,297.0161451999993,296.99813859999995,,,,,,,,,,291.28993379999883,291.298976500002,291.298976500002,293.7816043999992,293.7816043999992,294.51517180000155,3.0,3.209602899998572,,,,,,,,,,,,,,,,,,,,525859,001,2026-02-03_18h36.42.893,Full_PT,,2025.2.4,60.059987915612055,2026-02-03 18h36.43.574017 +0000,
,Scenes_Dataset/stable_A.jpg,"(600, 450)",Objects_Dataset/horseshoe.jpg,"(300, 296)","(300, -200)",Congruent,Objects_Dataset/saddle.jpg,"(300, 199)","(300, 200)",,,47,47,0,,,17,3.0,3.8585248999988835,,,,,,,,0,47,47,16,,,,,297.0161451999993,,,,,,,,,,,,,,,,,,,,,,,,,,,,,,,300.8823541999991,300.8982053,303.1321833000002,303.1480210000009,303.3929805000007,303.36600539999927,,,,,,,,,,297.00819169999886,297.0161451999993,297.0161451999993,299.51497129999916,299.51497129999916,300.88230770000155,3.0,3.8585248999988835,,,,,,,,,,,,,,,,,,,,525859,001,2026-02-03_18h36.42.893,Full_PT,,2025.2.4,60.059987915612055,2026-02-03 18h36.43.574017 +0000,
,Scenes_Dataset/living_room_A.jpg,"(600, 436)",Objects_Dataset/remote_control.jpg,"(300, 293)","(300, 200)",Congruent,Objects_Dataset/dvd_player.jpg,"(350, 144)","(300, -200)",,,48,48,0,,,55,3.0,4.361877100000129,,,,,,,,0,48,48,54,,,,,303.3929805000007,,,,,,,,,,,,,,,,,,,,,,,,,,,,,,,307.76570060000086,307.782387700001,310.01513740000155,310.0320768999991,310.2662449999989,310.2489128999987,,,,,,,,,,303.3880424000017,303.3929805000007,303.3929805000007,305.88220020000153,305.88220020000153,307.7656530999993,3.0,4.361877100000129,,,,,,,,,,,,,,,,,,,,525859,001,2026-02-03_18h36.42.893,Full_PT,,2025.2.4,60.059987915612055,2026-02-03 18h36.43.574017 +0000,
,Scenes_Dataset/kindergarten_A.jpg,"(600, 338)",Objects_Dataset/watercolors.jpg,"(300, 231)","(300, 200)",Congruent,Objects_Dataset/plasticine.jpg,"(250, 167)","(300, -200)",,,49,49,0,,,32,3.0,4.096497999998974,,,,,,,,0,49,49,31,,,,,310.2662449999989,,,,,,,,,,,,,,,,,,,,,,,,,,,,,,,314.3671295000022,314.38308719999986,316.6161217000008,316.6329874000003,316.8669571999999,316.8497830000015,,,,,,,,,,310.2544459000019,310.2662449999989,310.2662449999989,312.76548750000075,312.76548750000075,314.3670826000016,3.0,4.096497999998974,,,,,,,,,,,,,,,,,,,,525859,001,2026-02-03_18h36.42.893,Full_PT,,2025.2.4,60.059987915612055,2026-02-03 18h36.43.574017 +0000,
,Scenes_Dataset/nursery_A.jpg,"(600, 450)",Objects_Dataset/feeding_bottle.jpg,"(300, 295)","(300, -200)",Congruent,Objects_Dataset/mobile_baby.jpg,"(350, 263)","(300, 200)",,,50,50,0,,,3,3.0,4.22712490000049,,,,,,,,0,50,50,2,,,,,316.8669571999999,,,,,,,,,,,,,,,,,,,,,,,,,,,,,,,321.1005083000018,321.11649930000203,323.3501232999988,323.3667956999998,323.60029430000213,323.5833406999991,,,,,,,,,,316.8573157999999,316.8669571999999,316.8669571999999,319.36586309999984,319.36586309999984,321.1004604000009,3.0,4.22712490000049,,,,,,,,,,,,,,,,,,,,525859,001,2026-02-03_18h36.42.893,Full_PT,,2025.2.4,60.059987915612055,2026-02-03 18h36.43.574017 +0000,
,Scenes_Dataset/pharmacy_A.jpg,"(600, 461)",Objects_Dataset/pills.jpg,"(216, 250)","(300, -200)",Congruent,Objects_Dataset/thermometer.jpg,"(300, 199)","(300, 200)",,,51,51,0,,,21,3.0,3.5935868000015034,,,,,,,,0,51,51,20,,,,,323.60029430000213,,,,,,,,,,,,,,,,,,,,,,,,,,,,,,,327.20110449999993,327.217062300002,329.4506738000018,329.46671060000153,329.7005270000009,329.6841333000011,,,,,,,,,,323.59138879999955,323.60029430000213,323.60029430000213,326.101871400002,326.101871400002,327.20105669999975,3.0,3.5935868000015034,,,,,,,,,,,,,,,,,,,,525859,001,2026-02-03_18h36.42.893,Full_PT,,2025.2.4,60.059987915612055,2026-02-03 18h36.43.574017 +0000,
,Scenes_Dataset/airplane_interior_A.jpg,"(600, 480)",Objects_Dataset/chalice.jpg,"(192, 300)","(300, -200)",Incongruent,Objects_Dataset/paint_roller.jpg,"(262, 300)","(300, 200)",,,52,52,0,,,28,3.0,4.410626799999591,,,,,,,,0,52,52,27,,,,,329.7005270000009,,,,,,,,,,,,,,,,,,,,,,,,,,,,,,,334.11775150000176,334.13374580000163,336.3675742000014,336.3841831999998,336.6182109000001,336.60133150000183,,,,,,,,,,329.6908785000014,329.7005270000009,329.7005270000009,332.2004271000005,332.2004271000005,334.117704100001,3.0,4.410626799999591,,,,,,,,,,,,,,,,,,,,525859,001,2026-02-03_18h36.42.893,Full_PT,,2025.2.4,60.059987915612055,2026-02-03 18h36.43.574017 +0000,
,Scenes_Dataset/art_gallery_A.jpg,"(600, 434)",Objects_Dataset/watering_can.jpg,"(300, 272)","(300, -200)",Incongruent,Objects_Dataset/racket.jpg,"(300, 300)","(300, 200)",,,53,53,0,,,23,3.0,3.141201499998715,,,,,,,,0,53,53,22,,,,,336.6182109000001,,,,,,,,,,,,,,,,,,,,,,,,,,,,,,,339.7683113999992,339.7833266999987,342.0178373000017,342.0341120000012,342.2683963999989,342.25161149999985,,,,,,,,,,336.61077899999873,336.6182109000001,336.6182109000001,339.11708870000075,339.11708870000075,339.7682601999986,3.0,3.141201499998715,,,,,,,,,,,,,,,,,,,,525859,001,2026-02-03_18h36.42.893,Full_PT,,2025.2.4,60.059987915612055,2026-02-03 18h36.43.574017 +0000,
,Scenes_Dataset/childrens_room_A.jpg,"(600, 524)",Objects_Dataset/tin.jpg,"(233, 350)","(300, 200)",Incongruent,Objects_Dataset/lighter.jpg,"(300, 197)","(300, -200)",,,54,54,0,,,52,3.0,3.0555827999996836,,,,,,,,0,54,54,51,,,,,342.2683963999989,,,,,,,,,,,,,,,,,,,,,,,,,,,,,,,345.335175799999,345.35052519999954,347.5845169000022,347.6011456000015,347.8354078000011,347.81865800000014,,,,,,,,,,342.26308020000215,342.2683963999989,342.2683963999989,344.7672808999996,344.7672808999996,345.33512469999914,3.0,3.0555827999996836,,,,,,,,,,,,,,,,,,,,525859,001,2026-02-03_18h36.42.893,Full_PT,,2025.2.4,60.059987915612055,2026-02-03 18h36.43.574017 +0000,
,Scenes_Dataset/construction_A.jpg,"(600, 440)",Objects_Dataset/nail.jpg,"(300, 272)","(300, 200)",Congruent,Objects_Dataset/brick.jpg,"(300, 224)","(300, -200)",,,55,55,0,,,39,3.0,3.640652099998988,,,,,,,,0,55,55,38,,,,,347.8354078000011,,,,,,,,,,,,,,,,,,,,,,,,,,,,,,,351.48581940000076,351.50162320000163,353.7345763000012,353.75100440000097,353.98578439999983,353.9691297999998,,,,,,,,,,347.8291762000008,347.8354078000011,347.8354078000011,350.33438450000176,350.33438450000176,351.48577250000017,3.0,3.640652099998988,,,,,,,,,,,,,,,,,,,,525859,001,2026-02-03_18h36.42.893,Full_PT,,2025.2.4,60.059987915612055,2026-02-03 18h36.43.574017 +0000,
,Scenes_Dataset/storage_A.jpg,"(600, 450)",Objects_Dataset/torch.jpg,"(210, 300)","(300, -200)",Incongruent,Objects_Dataset/semaphore.jpg,"(199, 300)","(300, 200)",,,56,56,0,,,2,3.0,3.1406251000007614,,,,,,,,0,56,56,1,,,,,353.98578439999983,,,,,,,,,,,,,,,,,,,,,,,,,,,,,,,357.13545480000175,357.1517324000015,359.385514900001,359.4021881000008,359.6361619999989,359.6189392000015,,,,,,,,,,353.9792669999988,353.98578439999983,353.98578439999983,356.48574219999864,356.48574219999864,357.13540769999963,3.0,3.1406251000007614,,,,,,,,,,,,,,,,,,,,525859,001,2026-02-03_18h36.42.893,Full_PT,,2025.2.4,60.059987915612055,2026-02-03 18h36.43.574017 +0000,
,Scenes_Dataset/castle_A.jpg,"(600, 450)",Objects_Dataset/shield.jpg,"(199, 300)","(300, -200)",Congruent,Objects_Dataset/armor.jpg,"(270, 270)","(300, 200)",,,57,57,0,,,6,3.0,3.1738285000028554,,,,,,,,0,57,57,5,,,,,359.6361619999989,,,,,,,,,,,,,,,,,,,,,,,,,,,,,,,362.8198216000019,362.83556769999996,365.0857944999989,365.0857944999989,365.3363114999993,365.318783900002,,,,,,,,,,359.6292536000001,359.6361619999989,359.6361619999989,362.13962170000013,362.13962170000013,362.81977480000205,3.0,3.1738285000028554,,,,,,,,,,,,,,,,,,,,525859,001,2026-02-03_18h36.42.893,Full_PT,,2025.2.4,60.059987915612055,2026-02-03 18h36.43.574017 +0000,
,Scenes_Dataset/games_room_A.jpg,"(600, 371)",Objects_Dataset/latex_gloves.jpg,"(300, 300)","(300, 200)",Incongruent,Objects_Dataset/gauze_pad.jpg,"(300, 206)","(300, -200)",,,58,58,0,,,58,3.0,3.0615208000017446,,,,,,,,0,58,58,57,,,,,365.3363114999993,,,,,,,,,,,,,,,,,,,,,,,,,,,,,,,368.40251290000015,368.4193077000018,370.65241550000064,370.66937099999996,370.90341360000093,370.8861748999989,,,,,,,,,,365.32561319999877,365.3363114999993,365.3363114999993,367.81867839999904,367.81867839999904,368.40246000000116,3.0,3.0615208000017446,,,,,,,,,,,,,,,,,,,,525859,001,2026-02-03_18h36.42.893,Full_PT,,2025.2.4,60.059987915612055,2026-02-03 18h36.43.574017 +0000,
,Scenes_Dataset/parking_lot_A.jpg,"(600, 397)",Objects_Dataset/disabled_signal.jpg,"(350, 350)","(300, 200)",Congruent,Objects_Dataset/barrier.jpg,"(300, 300)","(300, -200)",,,59,59,0,,,46,3.0,3.374513899998419,,,,,,,,0,59,59,45,,,,,370.90341360000093,,,,,,,,,,,,,,,,,,,,,,,,,,,,,,,374.28641269999935,374.30270799999926,376.5358214000007,376.55301300000065,376.7863679000002,376.77010080000036,,,,,,,,,,370.8954980000017,370.90341360000093,370.90341360000093,373.40258489999906,373.40258489999906,374.2863667999991,3.0,3.374513899998419,,,,,,,,,,,,,,,,,,,,525859,001,2026-02-03_18h36.42.893,Full_PT,,2025.2.4,60.059987915612055,2026-02-03 18h36.43.574017 +0000,
,,,,,,,,,,,,,,,,,,,,,,,,,,,,,,,,,,,,,,,,,,,,,,,,,,,,,,,,,,,,,,,,,,,,,,,,,,,,,,,,,,,,,,,,,376.77018150000004,376.7863679000002,376.7863679000002,383.7875157999988,space,6.989214599998377,None,,,,,,,,,,,,,525859,001,2026-02-03_18h36.42.893,Full_PT,,2025.2.4,60.059987915612055,2026-02-03 18h36.43.574017 +0000,
,,,,,,,,,,,,,,,,,,,,,,,,,,,,,,,,,,,,,,,,,,,,,,,,,,,,,,,,,,,,,,,,,,,,,,,,,,,,,,,,,,,,,,,,,,,,,,,,383.78755309999906,383.80423040000096,383.80423040000096,385.6875203000018,space,1.87091049999799,None,,,,,,525859,001,2026-02-03_18h36.42.893,Full_PT,,2025.2.4,60.059987915612055,2026-02-03 18h36.43.574017 +0000,
,,,,,,,,,,,,8,8,0,,,,,,go,gosignal.png,error_type2.png,,,,,,,,,0,8,8,8,394.6878082000003,,,,,,,,,,,,,,,,,,,,,,,,,,,,,,,,,,,,,,,,,,,,,,,,,,,,,,,,,,,,,,,,,,,,394.6753091999999,go,True,0.3125766000011936,False,,,,,,,,,
